,LINK_ID,HOUR,SPEED
0,4130023800,4,7.0
1,4130023800,13,13.0
2,4130023800,14,21.0
3,4130023800,15,34.0
4,4130023900,0,37.0
5,4130023900,1,37.0
6,4130023900,2,37.0
7,4130023900,3,37.0
8,4130023900,4,37.0
9,4130023900,5,37.0
10,4130023900,6,29.25
11,4130023900,7,26.0
12,4130023900,8,25.75
13,4130023900,9,25.75
14,4130023900,10,23.2
15,4130023900,11,25.0
16,4130023900,12,22.25
17,4130023900,13,21.75
18,4130023900,14,22.0
19,4130023900,15,21.25
20,4130023900,16,19.25
21,4130023900,17,19.0
22,4130023900,18,16.25
23,4130023900,19,16.0
24,4130023900,20,16.0
25,4130023900,21,16.0
26,4130023900,22,16.0
27,4130023900,23,16.0
28,4130024200,0,37.1
29,4130024200,1,37.1
30,4130024200,2,37.1
31,4130024200,3,37.3
32,4130024200,4,37.4
33,4130024200,5,37.3
34,4130024200,6,34.7
35,4130024200,7,32.3
36,4130024200,8,29.8
37,4130024200,9,25.9
38,4130024200,10,25.4
39,4130024200,11,25.2
40,4130024200,12,26.3
41,4130024200,13,31.88888888888889
42,4130024200,14,33.8
43,4130024200,15,32.4
44,4130024200,16,31.7
45,4130024200,17,31.2
46,4130024200,18,29.8
47,4130024200,19,31.4
48,4130024200,20,33.2
49,4130024200,21,33.4
50,4130024200,22,33.4
51,4130024200,23,33.4
52,4130024800,12,40.0
53,4130110500,0,34.6
54,4130110500,1,35.0
55,4130110500,2,35.0
56,4130110500,3,35.0
57,4130110500,4,35.0
58,4130110500,5,35.0
59,4130110500,6,29.8
60,4130110500,7,28.7
61,4130110500,8,29.4
62,4130110500,9,27.1
63,4130110500,10,27.2
64,4130110500,11,27.0
65,4130110500,12,25.2
66,4130110500,13,25.333333333333332
67,4130110500,14,24.8
68,4130110500,15,26.0
69,4130110500,16,26.3
70,4130110500,17,25.8
71,4130110500,18,23.9
72,4130110500,19,25.9
73,4130110500,20,26.3
74,4130110500,21,25.7
75,4130110500,22,26.1
76,4130110500,23,27.6
77,4130110700,0,40.4
78,4130110700,1,41.0
79,4130110700,2,39.7
80,4130110700,3,41.8
81,4130110700,4,41.0
82,4130110700,5,41.2
83,4130110700,6,35.6
84,4130110700,7,35.6
85,4130110700,8,35.8
86,4130110700,9,36.4
87,4130110700,10,37.5
88,4130110700,11,34.4
89,4130110700,12,34.4
90,4130110700,13,33.333333333333336
91,4130110700,14,33.5
92,4130110700,15,34.9
93,4130110700,16,34.0
94,4130110700,17,33.1
95,4130110700,18,32.3
96,4130110700,19,32.3
97,4130110700,20,34.5
98,4130110700,21,33.8
99,4130110700,22,35.0
100,4130110700,23,34.5
101,4130110800,0,35.0
102,4130110800,1,35.0
103,4130110800,2,35.9
104,4130110800,3,35.6
105,4130110800,4,35.7
106,4130110800,5,35.3
107,4130110800,6,36.3
108,4130110800,7,36.7
109,4130110800,8,35.0
110,4130110800,9,34.1
111,4130110800,10,34.0
112,4130110800,11,34.1
113,4130110800,12,34.0
114,4130110800,13,34.0
115,4130110800,14,35.6
116,4130110800,15,33.7
117,4130110800,16,34.7
118,4130110800,17,35.3
119,4130110800,18,36.5
120,4130110800,19,34.6
121,4130110800,20,32.3
122,4130110800,21,32.0
123,4130110800,22,32.5
124,4130110800,23,33.2
125,4130110900,0,41.0
126,4130110900,1,41.0
127,4130110900,2,41.0
128,4130110900,3,40.0
129,4130110900,4,39.9
130,4130110900,5,40.2
131,4130110900,6,34.2
132,4130110900,7,29.6
133,4130110900,8,32.2
134,4130110900,9,33.6
135,4130110900,10,33.4
136,4130110900,11,34.9
137,4130110900,12,35.0
138,4130110900,13,35.55555555555556
139,4130110900,14,32.9
140,4130110900,15,33.0
141,4130110900,16,30.7
142,4130110900,17,34.0
143,4130110900,18,34.7
144,4130110900,19,33.1
145,4130110900,20,33.6
146,4130110900,21,35.2
147,4130110900,22,32.2
148,4130110900,23,31.2
149,4130111700,0,38.0
150,4130111700,1,38.0
151,4130111700,2,38.8
152,4130111700,3,38.7
153,4130111700,4,38.8
154,4130111700,5,38.7
155,4130111700,6,39.7
156,4130111700,7,37.5
157,4130111700,8,36.9
158,4130111700,9,38.3
159,4130111700,10,39.1
160,4130111700,11,35.9
161,4130111700,12,36.8
162,4130111700,13,37.0
163,4130111700,14,37.7
164,4130111700,15,36.4
165,4130111700,16,38.1
166,4130111700,17,38.9
167,4130111700,18,38.7
168,4130111700,19,38.1
169,4130111700,20,37.5
170,4130111700,21,37.3
171,4130111700,22,38.9
172,4130111700,23,38.8
173,4130112200,0,88.5
174,4130112200,1,85.7
175,4130112200,2,86.5
176,4130112200,3,83.7
177,4130112200,4,86.7
178,4130112200,5,84.8
179,4130112200,6,88.6
180,4130112200,7,87.1
181,4130112200,8,80.3
182,4130112200,9,83.4
183,4130112200,10,81.1
184,4130112200,11,79.8
185,4130112200,12,79.6
186,4130112200,13,79.55555555555556
187,4130112200,14,79.6
188,4130112200,15,79.6
189,4130112200,16,79.0
190,4130112200,17,76.0
191,4130112200,18,79.9
192,4130112200,19,81.3
193,4130112200,20,79.4
194,4130112200,21,79.7
195,4130112200,22,81.5
196,4130112200,23,86.3
197,4130112500,11,35.0
198,4130112500,15,27.0
199,4130112500,16,28.0
200,4130112600,11,36.0
201,4130112600,17,36.0
202,4130016900,0,35.0
203,4130016900,1,35.0
204,4130016900,2,35.0
205,4130016900,3,35.0
206,4130016900,4,35.0
207,4130016900,5,35.0
208,4130016900,6,21.75
209,4130016900,7,15.25
210,4130016900,8,15.0
211,4130016900,9,14.25
212,4130016900,10,12.875
213,4130016900,11,13.0
214,4130016900,12,14.0
215,4130016900,13,16.285714285714285
216,4130016900,14,16.375
217,4130016900,15,16.5
218,4130016900,16,17.625
219,4130016900,17,18.375
220,4130016900,18,18.75
221,4130016900,19,19.375
222,4130016900,20,20.125
223,4130016900,21,21.0
224,4130016900,22,21.875
225,4130016900,23,22.75
226,4130017200,8,40.0
227,4130017200,9,21.0
228,4130017200,10,25.333333333333332
229,4130017200,11,32.0
230,4130017200,14,30.0
231,4130017200,16,40.0
232,4130017200,17,39.5
233,4130017200,19,40.0
234,4130017200,20,49.0
235,4130017200,23,45.0
236,4130017500,10,5.0
237,4130017500,17,49.0
238,4130017700,8,4.0
239,4130017700,9,30.0
240,4130017700,10,31.0
241,4130017700,14,22.0
242,4130017700,17,26.5
243,4130017700,19,23.0
244,4130017700,20,27.0
245,4130017700,23,18.0
246,4130018700,0,36.1
247,4130018700,1,36.1
248,4130018700,2,36.1
249,4130018700,3,36.1
250,4130018700,4,36.0
251,4130018700,5,36.1
252,4130018700,6,30.7
253,4130018700,7,28.0
254,4130018700,8,29.0
255,4130018700,9,28.7
256,4130018700,10,28.2
257,4130018700,11,28.7
258,4130018700,12,28.0
259,4130018700,13,27.88888888888889
260,4130018700,14,28.3
261,4130018700,15,29.8
262,4130018700,16,31.3
263,4130018700,17,31.6
264,4130018700,18,31.8
265,4130018700,19,31.9
266,4130018700,20,31.6
267,4130018700,21,31.4
268,4130018700,22,31.4
269,4130018700,23,31.4
270,4130018800,0,35.1
271,4130018800,1,35.1
272,4130018800,2,35.1
273,4130018800,3,35.3
274,4130018800,4,35.4
275,4130018800,5,35.3
276,4130018800,6,29.9
277,4130018800,7,27.1
278,4130018800,8,27.1
279,4130018800,9,27.1
280,4130018800,10,27.9
281,4130018800,11,27.3
282,4130018800,12,26.2
283,4130018800,13,26.88888888888889
284,4130018800,14,24.9
285,4130018800,15,27.6
286,4130018800,16,28.6
287,4130018800,17,29.4
288,4130018800,18,28.7
289,4130018800,19,28.9
290,4130018800,20,29.2
291,4130018800,21,29.2
292,4130018800,22,29.2
293,4130018800,23,29.2
294,4130018900,0,35.0
295,4130018900,1,35.0
296,4130018900,2,35.0
297,4130018900,3,35.0
298,4130018900,4,35.0
299,4130018900,5,35.0
300,4130018900,6,31.9
301,4130018900,7,29.0
302,4130018900,8,28.2
303,4130018900,9,28.7
304,4130018900,10,30.7
305,4130018900,11,29.3
306,4130018900,12,28.5
307,4130018900,13,29.0
308,4130018900,14,26.4
309,4130018900,15,25.8
310,4130018900,16,27.8
311,4130018900,17,27.8
312,4130018900,18,26.0
313,4130018900,19,24.9
314,4130018900,20,27.4
315,4130018900,21,30.3
316,4130018900,22,28.6
317,4130018900,23,28.4
318,4130019000,0,36.0
319,4130019000,1,36.0
320,4130019000,2,36.0
321,4130019000,3,36.0
322,4130019000,4,36.0
323,4130019000,5,36.0
324,4130019000,6,27.2
325,4130019000,7,21.9
326,4130019000,8,20.1
327,4130019000,9,19.1
328,4130019000,10,20.1
329,4130019000,11,21.4
330,4130019000,12,21.3
331,4130019000,13,21.22222222222222
332,4130019000,14,22.6
333,4130019000,15,22.4
334,4130019000,16,21.0
335,4130019000,17,20.3
336,4130019000,18,21.2
337,4130019000,19,22.5
338,4130019000,20,23.7
339,4130019000,21,24.3
340,4130019000,22,25.2
341,4130019000,23,24.7
342,4130019100,19,4.0
343,4130019200,7,27.0
344,4130019200,15,15.0
345,4130019300,0,35.0
346,4130019300,1,35.0
347,4130019300,2,35.0
348,4130019300,3,35.0
349,4130019300,4,35.0
350,4130019300,5,35.0
351,4130019300,6,31.5
352,4130019300,7,27.9
353,4130019300,8,27.5
354,4130019300,9,26.8
355,4130019300,10,29.7
356,4130019300,11,32.6
357,4130019300,12,30.8
358,4130019300,13,31.22222222222222
359,4130019300,14,32.1
360,4130019300,15,33.1
361,4130019300,16,32.0
362,4130019300,17,27.9
363,4130019300,18,30.5
364,4130019300,19,34.5
365,4130019300,20,37.6
366,4130019300,21,38.6
367,4130019300,22,34.7
368,4130019300,23,37.8
369,4130019400,0,35.0
370,4130019400,1,35.0
371,4130019400,2,35.0
372,4130019400,3,35.8
373,4130019400,4,36.5
374,4130019400,5,36.2
375,4130019400,6,29.1
376,4130019400,7,28.2
377,4130019400,8,26.0
378,4130019400,9,29.2
379,4130019400,10,31.4
380,4130019400,11,31.7
381,4130019400,12,30.2
382,4130019400,13,24.11111111111111
383,4130019400,14,27.7
384,4130019400,15,31.7
385,4130019400,16,32.6
386,4130019400,17,33.2
387,4130019400,18,35.4
388,4130019400,19,35.4
389,4130019400,20,32.8
390,4130019400,21,30.3
391,4130019400,22,29.3
392,4130019400,23,28.6
393,4130019600,10,44.0
394,4130019600,14,34.0
395,4130019700,0,36.0
396,4130019700,1,36.0
397,4130019700,2,36.0
398,4130019700,3,36.0
399,4130019700,4,36.0
400,4130019700,5,36.0
401,4130019700,6,32.6
402,4130019700,7,28.4
403,4130019700,8,25.8
404,4130019700,9,26.4
405,4130019700,10,25.6
406,4130019700,11,27.6
407,4130019700,12,30.4
408,4130019700,13,32.55555555555556
409,4130019700,14,29.9
410,4130019700,15,30.3
411,4130019700,16,33.1
412,4130019700,17,33.2
413,4130019700,18,33.9
414,4130019700,19,36.0
415,4130019700,20,33.5
416,4130019700,21,30.8
417,4130019700,22,31.2
418,4130019700,23,33.1
419,4130019800,0,43.0
420,4130019800,1,43.0
421,4130019800,2,43.0
422,4130019800,3,42.4
423,4130019800,4,42.0
424,4130019800,5,42.4
425,4130019800,6,43.3
426,4130019800,7,42.5
427,4130019800,8,40.4
428,4130019800,9,36.0
429,4130019800,10,32.9
430,4130019800,11,30.6
431,4130019800,12,28.5
432,4130019800,13,30.22222222222222
433,4130019800,14,28.9
434,4130019800,15,28.6
435,4130019800,16,28.0
436,4130019800,17,26.8
437,4130019800,18,29.4
438,4130019800,19,27.2
439,4130019800,20,30.5
440,4130019800,21,31.6
441,4130019800,22,33.4
442,4130019800,23,33.9
443,4130019900,9,30.0
444,4130019900,17,26.0
445,4130019900,19,29.0
446,4130019900,20,54.0
447,4130019900,23,52.0
448,4130020000,10,21.0
449,4130020000,11,14.0
450,4130020000,15,40.0
451,4130020000,18,43.0
452,4130020000,19,12.0
453,4130020100,9,21.0
454,4130020100,16,24.0
455,4130020200,18,28.0
456,4130020200,19,17.0
457,4130020300,0,36.0
458,4130020300,1,36.0
459,4130020300,2,36.0
460,4130020300,3,36.0
461,4130020300,4,36.0
462,4130020300,5,36.0
463,4130020300,6,27.75
464,4130020300,7,23.75
465,4130020300,8,23.0
466,4130020300,9,23.0
467,4130020300,10,22.5
468,4130020300,11,22.875
469,4130020300,12,23.125
470,4130020300,13,22.571428571428573
471,4130020300,14,23.5
472,4130020300,15,23.125
473,4130020300,16,22.125
474,4130020300,17,21.75
475,4130020300,18,21.125
476,4130020300,19,20.625
477,4130020300,20,20.125
478,4130020300,21,19.625
479,4130020300,22,19.625
480,4130020300,23,19.625
481,4130020400,0,36.0
482,4130020400,1,36.0
483,4130020400,2,36.0
484,4130020400,3,36.0
485,4130020400,4,36.0
486,4130020400,5,36.0
487,4130020400,6,27.0
488,4130020400,7,23.285714285714285
489,4130020400,8,23.428571428571427
490,4130020400,9,23.857142857142858
491,4130020400,10,23.857142857142858
492,4130020400,11,22.714285714285715
493,4130020400,12,21.571428571428573
494,4130020400,13,20.833333333333332
495,4130020400,14,22.0
496,4130020400,15,18.142857142857142
497,4130020400,16,17.0
498,4130020400,17,17.571428571428573
499,4130020400,18,21.0
500,4130020400,19,23.571428571428573
501,4130020400,20,24.142857142857142
502,4130020400,21,24.142857142857142
503,4130020400,22,24.142857142857142
504,4130020400,23,24.142857142857142
505,4130020600,19,26.0
506,4130020700,9,11.0
507,4130020800,10,7.0
508,4130020800,11,31.0
509,4130020800,16,40.0
510,4130020800,19,7.0
511,4130020900,0,36.0
512,4130020900,1,36.0
513,4130020900,2,36.0
514,4130020900,3,36.0
515,4130020900,4,36.0
516,4130020900,5,36.0
517,4130020900,6,19.0
518,4130020900,7,11.666666666666666
519,4130020900,8,11.666666666666666
520,4130020900,9,12.333333333333334
521,4130020900,10,13.333333333333334
522,4130020900,11,14.666666666666666
523,4130020900,12,16.833333333333332
524,4130020900,13,17.0
525,4130020900,14,16.666666666666668
526,4130020900,15,15.666666666666666
527,4130020900,16,15.666666666666666
528,4130020900,17,15.666666666666666
529,4130020900,18,15.666666666666666
530,4130020900,19,20.666666666666668
531,4130020900,20,15.666666666666666
532,4130020900,21,15.666666666666666
533,4130020900,22,15.666666666666666
534,4130020900,23,15.666666666666666
535,4130021000,0,36.0
536,4130021000,1,36.0
537,4130021000,2,36.0
538,4130021000,3,36.0
539,4130021000,4,36.0
540,4130021000,5,36.0
541,4130021000,6,25.0
542,4130021000,7,19.75
543,4130021000,8,19.75
544,4130021000,9,19.75
545,4130021000,10,17.8
546,4130021000,11,19.75
547,4130021000,12,19.75
548,4130021000,13,19.75
549,4130021000,14,19.75
550,4130021000,15,19.75
551,4130021000,16,19.75
552,4130021000,17,19.75
553,4130021000,18,19.75
554,4130021000,19,19.75
555,4130021000,20,19.75
556,4130021000,21,19.75
557,4130021000,22,19.75
558,4130021000,23,19.75
559,4130021100,0,35.0
560,4130021100,1,35.0
561,4130021100,2,35.0
562,4130021100,3,35.0
563,4130021100,4,35.0
564,4130021100,5,35.0
565,4130021100,6,25.666666666666668
566,4130021100,7,21.5
567,4130021100,8,20.833333333333332
568,4130021100,9,20.5
569,4130021100,10,20.166666666666668
570,4130021100,11,19.833333333333332
571,4130021100,12,19.5
572,4130021100,13,22.8
573,4130021100,14,20.5
574,4130021100,15,20.833333333333332
575,4130021100,16,21.833333333333332
576,4130021100,17,22.166666666666668
577,4130021100,18,22.166666666666668
578,4130021100,19,22.166666666666668
579,4130021100,20,22.166666666666668
580,4130021100,21,22.166666666666668
581,4130021100,22,22.166666666666668
582,4130021100,23,22.166666666666668
583,4130021200,0,36.57142857142857
584,4130021200,1,36.57142857142857
585,4130021200,2,36.57142857142857
586,4130021200,3,36.57142857142857
587,4130021200,4,36.57142857142857
588,4130021200,5,36.57142857142857
589,4130021200,6,32.714285714285715
590,4130021200,7,31.428571428571427
591,4130021200,8,31.428571428571427
592,4130021200,9,31.428571428571427
593,4130021200,10,31.428571428571427
594,4130021200,11,31.714285714285715
595,4130021200,12,31.714285714285715
596,4130021200,13,33.333333333333336
597,4130021200,14,32.0
598,4130021200,15,32.142857142857146
599,4130021200,16,32.142857142857146
600,4130021200,17,32.142857142857146
601,4130021200,18,32.142857142857146
602,4130021200,19,32.142857142857146
603,4130021200,20,32.142857142857146
604,4130021200,21,32.142857142857146
605,4130021200,22,32.142857142857146
606,4130021200,23,32.142857142857146
607,4130021300,0,44.714285714285715
608,4130021300,1,44.714285714285715
609,4130021300,2,44.714285714285715
610,4130021300,3,44.714285714285715
611,4130021300,4,44.714285714285715
612,4130021300,5,44.714285714285715
613,4130021300,6,40.42857142857143
614,4130021300,7,38.57142857142857
615,4130021300,8,38.57142857142857
616,4130021300,9,38.57142857142857
617,4130021300,10,38.42857142857143
618,4130021300,11,38.285714285714285
619,4130021300,12,38.142857142857146
620,4130021300,13,40.5
621,4130021300,14,37.857142857142854
622,4130021300,15,37.714285714285715
623,4130021300,16,37.714285714285715
624,4130021300,17,37.714285714285715
625,4130021300,18,37.714285714285715
626,4130021300,19,37.714285714285715
627,4130021300,20,37.714285714285715
628,4130021300,21,37.714285714285715
629,4130021300,22,37.714285714285715
630,4130021300,23,37.714285714285715
631,4130021400,0,38.833333333333336
632,4130021400,1,38.833333333333336
633,4130021400,2,38.833333333333336
634,4130021400,3,38.833333333333336
635,4130021400,4,38.833333333333336
636,4130021400,5,38.833333333333336
637,4130021400,6,31.166666666666668
638,4130021400,7,28.166666666666668
639,4130021400,8,29.5
640,4130021400,9,31.5
641,4130021400,10,31.666666666666668
642,4130021400,11,28.333333333333332
643,4130021400,12,25.166666666666668
644,4130021400,13,26.0
645,4130021400,14,21.666666666666668
646,4130021400,15,21.666666666666668
647,4130021400,16,20.833333333333332
648,4130021400,17,20.0
649,4130021400,18,19.833333333333332
650,4130021400,19,20.666666666666668
651,4130021400,20,19.833333333333332
652,4130021400,21,19.833333333333332
653,4130021400,22,19.833333333333332
654,4130021400,23,19.833333333333332
655,4130021600,0,40.0
656,4130021600,1,40.0
657,4130021600,2,40.0
658,4130021600,3,40.0
659,4130021600,4,40.0
660,4130021600,5,40.0
661,4130021600,6,30.5
662,4130021600,7,26.5
663,4130021600,8,26.0
664,4130021600,9,26.0
665,4130021600,10,23.75
666,4130021600,11,21.0
667,4130021600,12,20.75
668,4130021600,13,25.333333333333332
669,4130021600,14,21.25
670,4130021600,15,21.25
671,4130021600,16,21.25
672,4130021600,17,21.25
673,4130021600,18,21.25
674,4130021600,19,14.75
675,4130021600,20,21.25
676,4130021600,21,21.25
677,4130021600,22,21.25
678,4130021600,23,21.25
679,4130021700,0,39.75
680,4130021700,1,39.75
681,4130021700,2,39.75
682,4130021700,3,39.75
683,4130021700,4,39.75
684,4130021700,5,39.75
685,4130021700,6,35.25
686,4130021700,7,33.75
687,4130021700,8,33.75
688,4130021700,9,33.75
689,4130021700,10,32.75
690,4130021700,11,30.75
691,4130021700,12,29.25
692,4130021700,13,30.333333333333332
693,4130021700,14,28.75
694,4130021700,15,28.75
695,4130021700,16,28.75
696,4130021700,17,28.75
697,4130021700,18,28.75
698,4130021700,19,22.5
699,4130021700,20,28.75
700,4130021700,21,28.75
701,4130021700,22,28.75
702,4130021700,23,28.75
703,4130021900,0,61.0
704,4130021900,1,61.5
705,4130021900,2,64.1
706,4130021900,3,62.6
707,4130021900,4,62.7
708,4130021900,5,63.3
709,4130021900,6,60.8
710,4130021900,7,64.4
711,4130021900,8,56.1
712,4130021900,9,56.6
713,4130021900,10,57.3
714,4130021900,11,62.2
715,4130021900,12,53.7
716,4130021900,13,55.44444444444444
717,4130021900,14,56.7
718,4130021900,15,57.8
719,4130021900,16,58.3
720,4130021900,17,56.7
721,4130021900,18,53.9
722,4130021900,19,59.9
723,4130021900,20,57.8
724,4130021900,21,64.4
725,4130021900,22,61.2
726,4130021900,23,63.4
727,4130022000,0,62.0
728,4130022000,1,62.0
729,4130022000,2,61.9
730,4130022000,3,60.5
731,4130022000,4,60.3
732,4130022000,5,60.7
733,4130022000,6,57.4
734,4130022000,7,57.6
735,4130022000,8,55.6
736,4130022000,9,59.9
737,4130022000,10,51.2
738,4130022000,11,57.1
739,4130022000,12,56.0
740,4130022000,13,55.333333333333336
741,4130022000,14,57.2
742,4130022000,15,53.2
743,4130022000,16,58.1
744,4130022000,17,50.8
745,4130022000,18,53.9
746,4130022000,19,56.2
747,4130022000,20,61.7
748,4130022000,21,60.6
749,4130022000,22,61.4
750,4130022000,23,61.1
751,4130022100,0,35.0
752,4130022100,1,35.0
753,4130022100,2,35.0
754,4130022100,3,35.0
755,4130022100,4,35.0
756,4130022100,5,35.0
757,4130022100,6,27.8
758,4130022100,7,23.0
759,4130022100,8,24.1
760,4130022100,9,26.2
761,4130022100,10,29.1
762,4130022100,11,31.8
763,4130022100,12,30.5
764,4130022100,13,30.444444444444443
765,4130022100,14,28.3
766,4130022100,15,27.7
767,4130022100,16,27.0
768,4130022100,17,29.2
769,4130022100,18,29.4
770,4130022100,19,30.4
771,4130022100,20,29.5
772,4130022100,21,28.7
773,4130022100,22,29.9
774,4130022100,23,30.5
775,4130022200,0,35.0
776,4130022200,1,35.0
777,4130022200,2,35.0
778,4130022200,3,35.6
779,4130022200,4,36.1
780,4130022200,5,35.6
781,4130022200,6,29.7
782,4130022200,7,25.6
783,4130022200,8,26.1
784,4130022200,9,24.6
785,4130022200,10,25.0
786,4130022200,11,28.9
787,4130022200,12,28.3
788,4130022200,13,22.555555555555557
789,4130022200,14,22.1
790,4130022200,15,24.6
791,4130022200,16,23.8
792,4130022200,17,23.1
793,4130022200,18,29.2
794,4130022200,19,33.8
795,4130022200,20,34.5
796,4130022200,21,35.3
797,4130022200,22,34.8
798,4130022200,23,35.2
799,4130022300,0,40.8
800,4130022300,1,40.8
801,4130022300,2,40.8
802,4130022300,3,41.6
803,4130022300,4,42.2
804,4130022300,5,41.6
805,4130022300,6,36.0
806,4130022300,7,33.1
807,4130022300,8,31.9
808,4130022300,9,29.0
809,4130022300,10,30.3
810,4130022300,11,32.0
811,4130022300,12,32.1
812,4130022300,13,31.88888888888889
813,4130022300,14,30.7
814,4130022300,15,32.9
815,4130022300,16,28.5
816,4130022300,17,26.3
817,4130022300,18,28.3
818,4130022300,19,31.0
819,4130022300,20,30.4
820,4130022300,21,32.2
821,4130022300,22,30.8
822,4130022300,23,30.2
823,4130022400,0,40.6
824,4130022400,1,40.6
825,4130022400,2,40.6
826,4130022400,3,40.0
827,4130022400,4,39.5
828,4130022400,5,39.6
829,4130022400,6,27.9
830,4130022400,7,23.6
831,4130022400,8,26.4
832,4130022400,9,31.0
833,4130022400,10,27.7
834,4130022400,11,26.9
835,4130022400,12,27.5
836,4130022400,13,27.22222222222222
837,4130022400,14,24.9
838,4130022400,15,23.6
839,4130022400,16,25.6
840,4130022400,17,29.8
841,4130022400,18,31.0
842,4130022400,19,31.4
843,4130022400,20,30.6
844,4130022400,21,28.9
845,4130022400,22,27.9
846,4130022400,23,28.1
847,4130022500,9,4.0
848,4130022600,19,33.0
849,4130022900,8,15.0
850,4130022900,17,45.0
851,4130023000,12,60.0
852,4130023100,9,4.0
853,4130023100,13,48.5
854,4130023100,17,21.0
855,4130023100,18,23.0
856,4130023100,19,37.0
857,4130023200,7,29.0
858,4130023200,8,8.0
859,4130023200,9,20.0
860,4130023200,10,27.0
861,4130023200,11,34.0
862,4130023200,13,14.0
863,4130023200,15,26.0
864,4130023300,15,10.0
865,4130023500,0,40.9
866,4130023500,1,40.9
867,4130023500,2,40.9
868,4130023500,3,40.4
869,4130023500,4,40.2
870,4130023500,5,39.5
871,4130023500,6,35.5
872,4130023500,7,32.5
873,4130023500,8,31.7
874,4130023500,9,31.6
875,4130023500,10,30.6
876,4130023500,11,28.7
877,4130023500,12,28.1
878,4130023500,13,27.88888888888889
879,4130023500,14,27.5
880,4130023500,15,26.8
881,4130023500,16,26.5
882,4130023500,17,24.1
883,4130023500,18,23.0
884,4130023500,19,25.1
885,4130023500,20,24.6
886,4130023500,21,25.1
887,4130023500,22,25.1
888,4130023500,23,24.9
889,4130023600,0,36.0
890,4130023600,1,36.0
891,4130023600,2,36.0
892,4130023600,3,36.2
893,4130023600,4,36.4
894,4130023600,5,36.2
895,4130023600,6,31.8
896,4130023600,7,29.3
897,4130023600,8,28.6
898,4130023600,9,25.8
899,4130023600,10,24.3
900,4130023600,11,24.2
901,4130023600,12,23.4
902,4130023600,13,24.0
903,4130023600,14,27.5
904,4130023600,15,29.4
905,4130023600,16,28.0
906,4130023600,17,27.9
907,4130023600,18,28.0
908,4130023600,19,27.9
909,4130023600,20,28.8
910,4130023600,21,29.4
911,4130023600,22,30.0
912,4130023600,23,30.2
913,4130023700,4,14.0
914,4130023700,8,11.0
915,4130023700,10,32.0
916,4130023700,15,28.0
917,4130023700,17,17.5
918,4130024000,0,37.0
919,4130024000,1,37.0
920,4130024000,2,37.0
921,4130024000,3,37.0
922,4130024000,4,37.0
923,4130024000,5,37.0
924,4130024000,6,31.75
925,4130024000,7,29.25
926,4130024000,8,29.25
927,4130024000,9,28.75
928,4130024000,10,28.25
929,4130024000,11,28.375
930,4130024000,12,27.625
931,4130024000,13,28.857142857142858
932,4130024000,14,26.375
933,4130024000,15,24.625
934,4130024000,16,23.25
935,4130024000,17,24.0
936,4130024000,18,22.125
937,4130024000,19,21.375
938,4130024000,20,21.375
939,4130024000,21,21.375
940,4130024000,22,21.375
941,4130024000,23,21.375
942,4130024100,0,40.4
943,4130024100,1,40.4
944,4130024100,2,40.4
945,4130024100,3,40.0
946,4130024100,4,39.7
947,4130024100,5,40.0
948,4130024100,6,31.8
949,4130024100,7,28.2
950,4130024100,8,29.1
951,4130024100,9,29.1
952,4130024100,10,27.4
953,4130024100,11,25.9
954,4130024100,12,24.2
955,4130024100,13,24.11111111111111
956,4130024100,14,24.7
957,4130024100,15,26.1
958,4130024100,16,25.4
959,4130024100,17,25.7
960,4130024100,18,25.6
961,4130024100,19,26.6
962,4130024100,20,27.5
963,4130024100,21,28.0
964,4130024100,22,28.8
965,4130024100,23,29.2
966,4130024300,6,24.0
967,4130024300,7,23.0
968,4130024300,8,30.75
969,4130024300,10,39.0
970,4130024300,11,35.0
971,4130024300,12,41.0
972,4130024300,13,35.0
973,4130024400,10,37.0
974,4130024400,11,20.0
975,4130024400,12,28.0
976,4130024400,14,24.0
977,4130024400,15,18.0
978,4130024400,16,29.0
979,4130024400,17,25.75
980,4130024400,18,18.0
981,4130024400,19,30.0
982,4130024700,9,4.0
983,4130024700,10,9.0
984,4130024700,12,43.0
985,4130024700,16,39.0
986,4130024700,17,56.0
987,4130024900,0,49.0
988,4130024900,1,49.0
989,4130024900,2,47.1
990,4130024900,3,46.8
991,4130024900,4,46.6
992,4130024900,5,45.3
993,4130024900,6,42.2
994,4130024900,7,39.6
995,4130024900,8,38.2
996,4130024900,9,35.7
997,4130024900,10,34.0
998,4130024900,11,34.1
999,4130024900,12,31.0
1000,4130024900,13,33.333333333333336
1001,4130024900,14,33.6
1002,4130024900,15,31.5
1003,4130024900,16,27.9
1004,4130024900,17,32.7
1005,4130024900,18,37.8
1006,4130024900,19,38.3
1007,4130024900,20,37.6
1008,4130024900,21,38.6
1009,4130024900,22,38.2
1010,4130024900,23,38.6
1011,4130025000,0,35.0
1012,4130025000,1,35.0
1013,4130025000,2,35.0
1014,4130025000,3,35.0
1015,4130025000,4,35.0
1016,4130025000,5,35.0
1017,4130025000,6,34.9
1018,4130025000,7,33.4
1019,4130025000,8,32.9
1020,4130025000,9,31.6
1021,4130025000,10,31.7
1022,4130025000,11,30.7
1023,4130025000,12,32.5
1024,4130025000,13,33.55555555555556
1025,4130025000,14,31.4
1026,4130025000,15,34.7
1027,4130025000,16,32.8
1028,4130025000,17,34.1
1029,4130025000,18,37.5
1030,4130025000,19,35.3
1031,4130025000,20,35.4
1032,4130025000,21,36.4
1033,4130025000,22,38.1
1034,4130025000,23,38.5
1035,4130025100,0,38.3
1036,4130025100,1,38.3
1037,4130025100,2,38.3
1038,4130025100,3,38.3
1039,4130025100,4,38.2
1040,4130025100,5,38.0
1041,4130025100,6,34.4
1042,4130025100,7,32.3
1043,4130025100,8,31.9
1044,4130025100,9,32.3
1045,4130025100,10,32.4
1046,4130025100,11,32.7
1047,4130025100,12,32.7
1048,4130025100,13,31.11111111111111
1049,4130025100,14,30.2
1050,4130025100,15,30.8
1051,4130025100,16,31.3
1052,4130025100,17,32.1
1053,4130025100,18,32.9
1054,4130025100,19,32.7
1055,4130025100,20,32.7
1056,4130025100,21,32.7
1057,4130025100,22,32.7
1058,4130025100,23,32.7
1059,4130025200,0,37.0
1060,4130025200,1,37.0
1061,4130025200,2,37.0
1062,4130025200,3,37.0
1063,4130025200,4,37.0
1064,4130025200,5,37.0
1065,4130025200,6,31.5
1066,4130025200,7,27.9
1067,4130025200,8,27.3
1068,4130025200,9,26.6
1069,4130025200,10,26.7
1070,4130025200,11,27.0
1071,4130025200,12,27.0
1072,4130025200,13,27.333333333333332
1073,4130025200,14,27.4
1074,4130025200,15,27.8
1075,4130025200,16,30.7
1076,4130025200,17,32.7
1077,4130025200,18,33.1
1078,4130025200,19,33.1
1079,4130025200,20,35.1
1080,4130025200,21,36.3
1081,4130025200,22,37.1
1082,4130025200,23,37.3
1083,4130025300,0,35.0
1084,4130025300,1,35.0
1085,4130025300,2,35.0
1086,4130025300,3,35.0
1087,4130025300,4,35.0
1088,4130025300,5,35.0
1089,4130025300,6,23.875
1090,4130025300,7,19.625
1091,4130025300,8,20.75
1092,4130025300,9,21.25
1093,4130025300,10,22.0
1094,4130025300,11,20.22222222222222
1095,4130025300,12,22.25
1096,4130025300,13,21.428571428571427
1097,4130025300,14,22.125
1098,4130025300,15,22.375
1099,4130025300,16,22.375
1100,4130025300,17,22.25
1101,4130025300,18,22.25
1102,4130025300,19,22.625
1103,4130025300,20,22.625
1104,4130025300,21,22.625
1105,4130025300,22,22.75
1106,4130025300,23,22.75
1107,4130026300,11,21.0
1108,4130026300,14,21.0
1109,4130026300,16,21.0
1110,4130026400,11,26.0
1111,4130026400,16,4.0
1112,4130026500,4,23.5
1113,4130026500,6,43.0
1114,4130026500,7,28.2
1115,4130026500,8,28.0
1116,4130026500,9,31.333333333333332
1117,4130026500,10,26.5
1118,4130026500,11,28.166666666666668
1119,4130026500,12,24.571428571428573
1120,4130026500,13,28.666666666666668
1121,4130026500,14,30.666666666666668
1122,4130026500,15,31.4
1123,4130026500,16,30.8
1124,4130026500,17,29.142857142857142
1125,4130026500,18,36.5
1126,4130026500,19,26.333333333333332
1127,4130026500,20,25.333333333333332
1128,4130026500,21,32.0
1129,4130026500,22,23.5
1130,4130026500,23,36.0
1131,4130026600,5,27.75
1132,4130026600,6,28.0
1133,4130026600,7,40.5
1134,4130026600,8,25.5
1135,4130026600,9,24.25
1136,4130026600,10,30.166666666666668
1137,4130026600,11,20.0
1138,4130026600,12,24.666666666666668
1139,4130026600,13,29.4
1140,4130026600,14,27.0
1141,4130026600,15,25.2
1142,4130026600,16,22.0
1143,4130026600,17,28.333333333333332
1144,4130026600,18,32.6
1145,4130026600,19,27.0
1146,4130026600,20,26.2
1147,4130026600,21,21.0
1148,4130026600,23,33.0
1149,4130103700,14,4.0
1150,4130103800,0,45.0
1151,4130103800,1,45.0
1152,4130103800,2,45.0
1153,4130103800,3,44.4
1154,4130103800,4,44.0
1155,4130103800,5,44.4
1156,4130103800,6,42.4
1157,4130103800,7,41.4
1158,4130103800,8,42.0
1159,4130103800,9,42.0
1160,4130103800,10,37.2
1161,4130103800,11,41.8
1162,4130103800,12,43.5
1163,4130103800,13,39.77777777777778
1164,4130103800,14,37.2
1165,4130103800,15,34.0
1166,4130103800,16,34.3
1167,4130103800,17,37.4
1168,4130103800,18,38.9
1169,4130103800,19,39.4
1170,4130103800,20,39.4
1171,4130103800,21,37.0
1172,4130103800,22,36.8
1173,4130103800,23,36.4
1174,4130104400,0,52.0
1175,4130104400,1,52.0
1176,4130104400,2,48.9
1177,4130104400,3,51.0
1178,4130104400,4,50.7
1179,4130104400,5,50.7
1180,4130104400,6,39.0
1181,4130104400,7,30.0
1182,4130104400,8,34.9
1183,4130104400,9,29.5
1184,4130104400,10,27.0
1185,4130104400,11,30.0
1186,4130104400,12,24.5
1187,4130104400,13,33.333333333333336
1188,4130104400,14,30.7
1189,4130104400,15,28.7
1190,4130104400,16,33.9
1191,4130104400,17,26.9
1192,4130104400,18,29.5
1193,4130104400,19,28.1
1194,4130104400,20,37.2
1195,4130104400,21,34.2
1196,4130104400,22,42.5
1197,4130104400,23,41.6
1198,4130104800,0,70.88888888888889
1199,4130104800,1,71.6
1200,4130104800,2,70.5
1201,4130104800,3,71.625
1202,4130104800,4,73.55555555555556
1203,4130104800,5,72.1
1204,4130104800,6,74.1
1205,4130104800,7,64.0
1206,4130104800,8,64.2
1207,4130104800,9,66.5
1208,4130104800,10,64.7
1209,4130104800,11,60.3
1210,4130104800,12,62.0
1211,4130104800,13,62.666666666666664
1212,4130104800,14,57.3
1213,4130104800,15,60.1
1214,4130104800,16,61.7
1215,4130104800,17,64.1
1216,4130104800,18,61.9
1217,4130104800,19,59.5
1218,4130104800,20,65.3
1219,4130104800,21,64.5
1220,4130104800,22,65.1
1221,4130104800,23,61.7
1222,4130105600,0,48.0
1223,4130105600,1,48.2
1224,4130105600,2,48.0
1225,4130105600,3,48.7
1226,4130105600,4,49.1
1227,4130105600,5,48.3
1228,4130105600,6,43.6
1229,4130105600,7,42.6
1230,4130105600,8,43.0
1231,4130105600,9,43.7
1232,4130105600,10,44.2
1233,4130105600,11,43.8
1234,4130105600,12,42.9
1235,4130105600,13,42.666666666666664
1236,4130105600,14,42.4
1237,4130105600,15,42.4
1238,4130105600,16,42.3
1239,4130105600,17,44.4
1240,4130105600,18,45.2
1241,4130105600,19,45.8
1242,4130105600,20,46.4
1243,4130105600,21,46.5
1244,4130105600,22,47.0
1245,4130105600,23,47.1
1246,4130106400,7,5.0
1247,4130106400,12,20.0
1248,4130106400,14,18.0
1249,4130106400,15,29.5
1250,4130106400,18,30.0
1251,4130107400,0,44.0
1252,4130107400,1,44.0
1253,4130107400,2,44.0
1254,4130107400,3,43.2
1255,4130107400,4,42.8
1256,4130107400,5,43.0
1257,4130107400,6,38.0
1258,4130107400,7,37.0
1259,4130107400,8,37.6
1260,4130107400,9,38.5
1261,4130107400,10,38.7
1262,4130107400,11,39.1
1263,4130107400,12,38.4
1264,4130107400,13,37.888888888888886
1265,4130107400,14,38.0
1266,4130107400,15,37.9
1267,4130107400,16,38.9
1268,4130107400,17,39.9
1269,4130107400,18,37.9
1270,4130107400,19,37.2
1271,4130107400,20,37.2
1272,4130107400,21,37.1
1273,4130107400,22,36.7
1274,4130107400,23,36.3
1275,4130107600,14,7.0
1276,4130107700,8,43.0
1277,4130107700,9,36.0
1278,4130107700,10,27.0
1279,4130107700,11,40.25
1280,4130107700,12,36.57142857142857
1281,4130107700,13,37.4
1282,4130107700,14,37.5
1283,4130107700,15,36.0
1284,4130107700,16,37.25
1285,4130107700,17,41.0
1286,4130107700,18,42.6
1287,4130107700,19,34.333333333333336
1288,4130107700,20,28.0
1289,4130107700,21,32.0
1290,4130107700,22,42.0
1291,4130107900,0,88.0
1292,4130107900,1,85.9
1293,4130107900,2,86.4
1294,4130107900,3,82.7
1295,4130107900,4,85.8
1296,4130107900,5,86.5
1297,4130107900,6,88.4
1298,4130107900,7,86.9
1299,4130107900,8,80.5
1300,4130107900,9,82.8
1301,4130107900,10,80.7
1302,4130107900,11,79.6
1303,4130107900,12,79.5
1304,4130107900,13,79.33333333333333
1305,4130107900,14,79.5
1306,4130107900,15,79.0
1307,4130107900,16,78.2
1308,4130107900,17,75.6
1309,4130107900,18,79.2
1310,4130107900,19,80.8
1311,4130107900,20,79.5
1312,4130107900,21,80.5
1313,4130107900,22,81.3
1314,4130107900,23,85.9
1315,4130108200,0,42.0
1316,4130108200,1,42.0
1317,4130108200,2,42.0
1318,4130108200,3,42.0
1319,4130108200,4,42.0
1320,4130108200,5,42.0
1321,4130108200,6,24.7
1322,4130108200,7,14.8
1323,4130108200,8,11.1
1324,4130108200,9,7.3
1325,4130108200,10,8.3
1326,4130108200,11,8.4
1327,4130108200,12,8.2
1328,4130108200,13,9.444444444444445
1329,4130108200,14,9.0
1330,4130108200,15,9.2
1331,4130108200,16,10.0
1332,4130108200,17,10.2
1333,4130108200,18,6.6
1334,4130108200,19,6.8
1335,4130108200,20,8.3
1336,4130108200,21,10.7
1337,4130108200,22,11.7
1338,4130108200,23,11.7
1339,4130109100,0,90.2
1340,4130109100,1,89.5
1341,4130109100,2,91.7
1342,4130109100,3,87.6
1343,4130109100,4,94.3
1344,4130109100,5,92.1
1345,4130109100,6,96.6
1346,4130109100,7,93.3
1347,4130109100,8,87.5
1348,4130109100,9,87.0
1349,4130109100,10,83.2
1350,4130109100,11,83.6
1351,4130109100,12,80.1
1352,4130109100,13,81.66666666666667
1353,4130109100,14,79.6
1354,4130109100,15,79.5
1355,4130109100,16,77.6
1356,4130109100,17,78.7
1357,4130109100,18,76.8
1358,4130109100,19,76.4
1359,4130109100,20,76.1
1360,4130109100,21,79.6
1361,4130109100,22,82.5
1362,4130109100,23,89.2
1363,4130109300,0,68.5
1364,4130109300,1,70.8
1365,4130109300,2,71.44444444444444
1366,4130109300,3,67.9
1367,4130109300,4,70.0
1368,4130109300,5,70.0
1369,4130109300,6,70.4
1370,4130109300,7,70.9
1371,4130109300,8,71.9
1372,4130109300,9,66.3
1373,4130109300,10,68.1
1374,4130109300,11,67.0
1375,4130109300,12,66.1
1376,4130109300,13,64.22222222222223
1377,4130109300,14,65.2
1378,4130109300,15,64.1
1379,4130109300,16,65.4
1380,4130109300,17,66.3
1381,4130109300,18,68.7
1382,4130109300,19,67.5
1383,4130109300,20,66.2
1384,4130109300,21,68.5
1385,4130109300,22,66.3
1386,4130109300,23,69.0
1387,4130109700,15,37.0
1388,4130109700,16,18.0
1389,4130109800,11,26.0
1390,4130109800,15,11.0
1391,4130109800,16,11.0
1392,4130109800,17,31.0
1393,4130110000,0,66.6
1394,4130110000,1,69.3
1395,4130110000,2,69.0
1396,4130110000,3,72.5
1397,4130110000,4,70.6
1398,4130110000,5,69.5
1399,4130110000,6,73.0
1400,4130110000,7,66.8
1401,4130110000,8,64.4
1402,4130110000,9,68.5
1403,4130110000,10,61.6
1404,4130110000,11,65.2
1405,4130110000,12,63.6
1406,4130110000,13,62.888888888888886
1407,4130110000,14,63.3
1408,4130110000,15,60.1
1409,4130110000,16,63.4
1410,4130110000,17,67.3
1411,4130110000,18,69.0
1412,4130110000,19,69.1
1413,4130110000,20,70.5
1414,4130110000,21,67.3
1415,4130110000,22,70.4
1416,4130110000,23,63.0
1417,4130110100,6,21.0
1418,4130110100,7,16.0
1419,4130110100,8,21.5
1420,4130110100,9,18.0
1421,4130110100,10,18.0
1422,4130110100,12,12.333333333333334
1423,4130110100,13,14.0
1424,4130110100,15,16.0
1425,4130110100,16,12.0
1426,4130110100,17,15.0
1427,4130110100,18,14.0
1428,4130110100,19,15.666666666666666
1429,4130110100,21,4.0
1430,4130110100,23,4.0
1431,4130114400,0,94.9
1432,4130114400,1,93.9
1433,4130114400,2,97.6
1434,4130114400,3,96.7
1435,4130114400,4,95.3
1436,4130114400,5,96.9
1437,4130114400,6,100.3
1438,4130114400,7,99.9
1439,4130114400,8,104.0
1440,4130114400,9,101.8
1441,4130114400,10,101.1
1442,4130114400,11,98.0
1443,4130114400,12,99.8
1444,4130114400,13,98.66666666666667
1445,4130114400,14,98.9
1446,4130114400,15,98.5
1447,4130114400,16,96.1
1448,4130114400,17,91.6
1449,4130114400,18,96.8
1450,4130114400,19,98.2
1451,4130114400,20,98.6
1452,4130114400,21,99.3
1453,4130114400,22,97.5
1454,4130114400,23,100.0
1455,4130115500,0,44.5
1456,4130115500,1,48.1
1457,4130115500,2,49.4
1458,4130115500,3,48.9
1459,4130115500,4,48.9
1460,4130115500,5,49.9
1461,4130115500,6,49.9
1462,4130115500,7,48.8
1463,4130115500,8,50.2
1464,4130115500,9,51.9
1465,4130115500,10,50.1
1466,4130115500,11,48.4
1467,4130115500,12,48.2
1468,4130115500,13,47.44444444444444
1469,4130115500,14,47.1
1470,4130115500,15,46.1
1471,4130115500,16,46.6
1472,4130115500,17,45.4
1473,4130115500,18,48.6
1474,4130115500,19,47.7
1475,4130115500,20,45.5
1476,4130115500,21,46.4
1477,4130115500,22,48.3
1478,4130115500,23,48.8
1479,4130115900,0,83.0
1480,4130115900,1,83.8
1481,4130115900,2,82.9
1482,4130115900,3,85.4
1483,4130115900,4,81.5
1484,4130115900,5,83.5
1485,4130115900,6,91.7
1486,4130115900,7,87.6
1487,4130115900,8,83.4
1488,4130115900,9,83.2
1489,4130115900,10,80.0
1490,4130115900,11,79.3
1491,4130115900,12,74.8
1492,4130115900,13,78.55555555555556
1493,4130115900,14,76.2
1494,4130115900,15,77.1
1495,4130115900,16,76.2
1496,4130115900,17,75.3
1497,4130115900,18,74.4
1498,4130115900,19,73.2
1499,4130115900,20,73.1
1500,4130115900,21,74.4
1501,4130115900,22,76.6
1502,4130115900,23,81.4
1503,4130116500,0,68.5
1504,4130116500,1,70.8
1505,4130116500,2,71.44444444444444
1506,4130116500,3,69.22222222222223
1507,4130116500,4,70.0
1508,4130116500,5,70.0
1509,4130116500,6,70.4
1510,4130116500,7,70.9
1511,4130116500,8,67.2
1512,4130116500,9,66.3
1513,4130116500,10,68.1
1514,4130116500,11,67.0
1515,4130116500,12,66.1
1516,4130116500,13,64.22222222222223
1517,4130116500,14,65.2
1518,4130116500,15,64.1
1519,4130116500,16,65.4
1520,4130116500,17,66.3
1521,4130116500,18,68.7
1522,4130116500,19,67.5
1523,4130116500,20,66.9
1524,4130116500,21,68.5
1525,4130116500,22,66.3
1526,4130116500,23,69.0
1527,4130117300,0,66.0
1528,4130117300,1,69.0
1529,4130117300,2,62.4
1530,4130117300,3,66.0
1531,4130117300,4,63.7
1532,4130117300,5,61.8
1533,4130117300,6,49.9
1534,4130117300,7,42.2
1535,4130117300,8,43.4
1536,4130117300,9,46.9
1537,4130117300,10,41.6
1538,4130117300,11,40.5
1539,4130117300,12,39.4
1540,4130117300,13,41.666666666666664
1541,4130117300,14,39.9
1542,4130117300,15,41.8
1543,4130117300,16,41.3
1544,4130117300,17,39.2
1545,4130117300,18,40.0
1546,4130117300,19,39.6
1547,4130117300,20,39.4
1548,4130117300,21,43.9
1549,4130117300,22,46.7
1550,4130117300,23,51.6
1551,4130117500,0,58.0
1552,4130117500,1,58.0
1553,4130117500,2,52.9
1554,4130117500,3,52.6
1555,4130117500,4,50.5
1556,4130117500,5,49.2
1557,4130117500,6,29.7
1558,4130117500,7,23.2
1559,4130117500,8,24.1
1560,4130117500,9,26.1
1561,4130117500,10,21.3
1562,4130117500,11,21.8
1563,4130117500,12,21.5
1564,4130117500,13,23.0
1565,4130117500,14,20.7
1566,4130117500,15,21.6
1567,4130117500,16,19.6
1568,4130117500,17,19.0
1569,4130117500,18,19.7
1570,4130117500,19,21.5
1571,4130117500,20,24.8
1572,4130117500,21,27.5
1573,4130117500,22,32.7
1574,4130117500,23,36.5
1575,4130118000,0,80.0
1576,4130118000,1,73.6
1577,4130118000,2,77.5
1578,4130118000,3,76.0
1579,4130118000,4,76.2
1580,4130118000,5,76.6
1581,4130118000,6,75.4
1582,4130118000,7,74.8
1583,4130118000,8,71.5
1584,4130118000,9,70.7
1585,4130118000,10,75.6
1586,4130118000,11,66.0
1587,4130118000,12,74.8
1588,4130118000,13,69.33333333333333
1589,4130118000,14,79.3
1590,4130118000,15,80.8
1591,4130118000,16,80.1
1592,4130118000,17,80.5
1593,4130118000,18,74.1
1594,4130118000,19,74.7
1595,4130118000,20,75.1
1596,4130118000,21,76.6
1597,4130118000,22,74.9
1598,4130118000,23,78.2
1599,4130118400,0,68.9
1600,4130118400,1,69.2
1601,4130118400,2,70.4
1602,4130118400,3,69.1
1603,4130118400,4,68.7
1604,4130118400,5,68.8
1605,4130118400,6,71.0
1606,4130118400,7,69.4
1607,4130118400,8,65.0
1608,4130118400,9,63.6
1609,4130118400,10,66.2
1610,4130118400,11,66.1
1611,4130118400,12,65.9
1612,4130118400,13,64.44444444444444
1613,4130118400,14,64.9
1614,4130118400,15,63.2
1615,4130118400,16,63.5
1616,4130118400,17,61.6
1617,4130118400,18,63.4
1618,4130118400,19,65.8
1619,4130118400,20,66.2
1620,4130118400,21,66.9
1621,4130118400,22,67.1
1622,4130118400,23,67.1
1623,4130119500,0,31.8
1624,4130119500,1,38.4
1625,4130119500,2,37.2
1626,4130119500,3,43.0
1627,4130119500,4,41.8
1628,4130119500,5,36.9
1629,4130119500,6,35.2
1630,4130119500,7,35.6
1631,4130119500,8,35.5
1632,4130119500,9,32.3
1633,4130119500,10,32.0
1634,4130119500,11,33.4
1635,4130119500,12,28.8
1636,4130119500,13,29.0
1637,4130119500,14,28.8
1638,4130119500,15,27.8
1639,4130119500,16,30.8
1640,4130119500,17,32.4
1641,4130119500,18,29.7
1642,4130119500,19,30.6
1643,4130119500,20,31.3
1644,4130119500,21,30.2
1645,4130119500,22,32.6
1646,4130119500,23,33.9
1647,4130120000,0,68.9
1648,4130120000,1,69.2
1649,4130120000,2,70.4
1650,4130120000,3,69.1
1651,4130120000,4,68.7
1652,4130120000,5,68.8
1653,4130120000,6,71.0
1654,4130120000,7,69.4
1655,4130120000,8,65.3
1656,4130120000,9,63.6
1657,4130120000,10,66.2
1658,4130120000,11,66.1
1659,4130120000,12,65.9
1660,4130120000,13,64.44444444444444
1661,4130120000,14,64.9
1662,4130120000,15,63.2
1663,4130120000,16,63.5
1664,4130120000,17,61.6
1665,4130120000,18,63.4
1666,4130120000,19,65.8
1667,4130120000,20,65.9
1668,4130120000,21,66.9
1669,4130120000,22,67.1
1670,4130120000,23,67.1
1671,4130120400,0,45.0
1672,4130120400,1,45.0
1673,4130120400,2,42.8
1674,4130120400,3,42.7
1675,4130120400,4,41.9
1676,4130120400,5,40.9
1677,4130120400,6,35.1
1678,4130120400,7,33.0
1679,4130120400,8,35.7
1680,4130120400,9,35.2
1681,4130120400,10,36.0
1682,4130120400,11,35.1
1683,4130120400,12,33.2
1684,4130120400,13,33.666666666666664
1685,4130120400,14,36.8
1686,4130120400,15,35.2
1687,4130120400,16,28.7
1688,4130120400,17,32.3
1689,4130120400,18,36.5
1690,4130120400,19,28.9
1691,4130120400,20,33.0
1692,4130120400,21,31.2
1693,4130120400,22,32.0
1694,4130120400,23,32.3
1695,4130121600,0,36.0
1696,4130121600,1,36.0
1697,4130121600,2,36.0
1698,4130121600,3,36.0
1699,4130121600,4,36.0
1700,4130121600,5,34.57142857142857
1701,4130121600,6,23.142857142857142
1702,4130121600,7,13.285714285714286
1703,4130121600,8,15.5
1704,4130121600,9,14.5
1705,4130121600,10,23.625
1706,4130121600,11,18.1
1707,4130121600,12,11.625
1708,4130121600,13,9.833333333333334
1709,4130121600,14,10.2
1710,4130121600,15,8.555555555555555
1711,4130121600,16,14.5
1712,4130121600,17,16.0
1713,4130121600,18,8.3
1714,4130121600,19,17.125
1715,4130121600,20,13.125
1716,4130121600,21,16.333333333333332
1717,4130121600,22,18.857142857142858
1718,4130121600,23,24.625
1719,4130123800,0,21.7
1720,4130123800,1,31.5
1721,4130123800,2,27.6
1722,4130123800,3,32.5
1723,4130123800,4,37.6
1724,4130123800,5,33.8
1725,4130123800,6,30.7
1726,4130123800,7,20.6
1727,4130123800,8,25.1
1728,4130123800,9,24.9
1729,4130123800,10,21.1
1730,4130123800,11,25.7
1731,4130123800,12,26.3
1732,4130123800,13,28.77777777777778
1733,4130123800,14,23.6
1734,4130123800,15,27.7
1735,4130123800,16,26.4
1736,4130123800,17,24.7
1737,4130123800,18,30.7
1738,4130123800,19,27.3
1739,4130123800,20,31.2
1740,4130123800,21,29.2
1741,4130123800,22,30.1
1742,4130123800,23,26.7
1743,4130124900,0,43.0
1744,4130124900,1,43.0
1745,4130124900,2,44.5
1746,4130124900,3,42.3
1747,4130124900,4,42.2
1748,4130124900,5,43.5
1749,4130124900,6,31.9
1750,4130124900,7,32.3
1751,4130124900,8,26.1
1752,4130124900,9,35.2
1753,4130124900,10,31.5
1754,4130124900,11,33.0
1755,4130124900,12,27.8
1756,4130124900,13,32.111111111111114
1757,4130124900,14,29.4
1758,4130124900,15,28.7
1759,4130124900,16,27.3
1760,4130124900,17,34.3
1761,4130124900,18,38.1
1762,4130124900,19,29.3
1763,4130124900,20,37.5
1764,4130124900,21,37.8
1765,4130124900,22,36.9
1766,4130124900,23,37.0
1767,4130125400,0,41.0
1768,4130125400,1,41.6
1769,4130125400,2,42.0
1770,4130125400,3,42.8
1771,4130125400,4,43.7
1772,4130125400,5,43.0
1773,4130125400,6,42.9
1774,4130125400,7,42.7
1775,4130125400,8,44.3
1776,4130125400,9,45.2
1777,4130125400,10,43.0
1778,4130125400,11,43.4
1779,4130125400,12,43.8
1780,4130125400,13,43.111111111111114
1781,4130125400,14,42.2
1782,4130125400,15,41.7
1783,4130125400,16,41.2
1784,4130125400,17,41.9
1785,4130125400,18,42.0
1786,4130125400,19,43.8
1787,4130125400,20,45.6
1788,4130125400,21,46.0
1789,4130125400,22,46.7
1790,4130125400,23,46.7
1791,4130127200,0,68.9
1792,4130127200,1,69.2
1793,4130127200,2,70.4
1794,4130127200,3,69.1
1795,4130127200,4,68.7
1796,4130127200,5,68.8
1797,4130127200,6,71.0
1798,4130127200,7,69.4
1799,4130127200,8,65.2
1800,4130127200,9,63.6
1801,4130127200,10,66.2
1802,4130127200,11,66.1
1803,4130127200,12,65.9
1804,4130127200,13,64.44444444444444
1805,4130127200,14,64.9
1806,4130127200,15,63.2
1807,4130127200,16,63.5
1808,4130127200,17,61.6
1809,4130127200,18,63.4
1810,4130127200,19,65.8
1811,4130127200,20,68.0
1812,4130127200,21,66.9
1813,4130127200,22,67.8
1814,4130127200,23,67.1
1815,4130129100,0,47.5
1816,4130129100,1,45.9
1817,4130129100,2,48.0
1818,4130129100,3,45.6
1819,4130129100,4,49.1
1820,4130129100,5,45.5
1821,4130129100,6,43.6
1822,4130129100,7,48.4
1823,4130129100,8,48.1
1824,4130129100,9,47.8
1825,4130129100,10,45.8
1826,4130129100,11,44.2
1827,4130129100,12,43.2
1828,4130129100,13,44.55555555555556
1829,4130129100,14,40.3
1830,4130129100,15,43.6
1831,4130129100,16,39.8
1832,4130129100,17,40.0
1833,4130129100,18,40.9
1834,4130129100,19,35.5
1835,4130129100,20,43.4
1836,4130129100,21,38.9
1837,4130129100,22,40.9
1838,4130129100,23,42.0
1839,4130129500,0,22.0
1840,4130129500,5,31.0
1841,4130129500,6,15.5
1842,4130129500,7,21.0
1843,4130129500,8,15.0
1844,4130129500,9,24.0
1845,4130129500,10,17.0
1846,4130129500,11,25.5
1847,4130129500,12,24.0
1848,4130129500,13,25.5
1849,4130129500,14,23.25
1850,4130129500,15,22.5
1851,4130129500,16,19.0
1852,4130129500,17,23.428571428571427
1853,4130129500,18,23.333333333333332
1854,4130129500,19,24.6
1855,4130129500,20,18.25
1856,4130129500,21,23.25
1857,4130129500,22,23.8
1858,4130129500,23,24.5
1859,4130129800,0,46.3
1860,4130129800,1,44.6
1861,4130129800,2,43.9
1862,4130129800,3,52.2
1863,4130129800,4,47.1
1864,4130129800,5,49.1
1865,4130129800,6,46.0
1866,4130129800,7,48.6
1867,4130129800,8,48.4
1868,4130129800,9,45.4
1869,4130129800,10,44.2
1870,4130129800,11,41.6
1871,4130129800,12,42.3
1872,4130129800,13,41.333333333333336
1873,4130129800,14,43.6
1874,4130129800,15,41.8
1875,4130129800,16,44.6
1876,4130129800,17,39.6
1877,4130129800,18,42.7
1878,4130129800,19,39.5
1879,4130129800,20,45.7
1880,4130129800,21,42.6
1881,4130129800,22,44.2
1882,4130129800,23,46.3
1883,4130130300,0,35.0
1884,4130130300,1,35.0
1885,4130130300,2,33.3
1886,4130130300,3,35.0
1887,4130130300,4,35.0
1888,4130130300,5,35.3
1889,4130130300,6,26.5
1890,4130130300,7,20.6
1891,4130130300,8,19.1
1892,4130130300,9,19.2
1893,4130130300,10,19.5
1894,4130130300,11,20.8
1895,4130130300,12,19.6
1896,4130130300,13,16.77777777777778
1897,4130130300,14,10.4
1898,4130130300,15,21.2
1899,4130130300,16,18.8
1900,4130130300,17,16.1
1901,4130130300,18,17.1
1902,4130130300,19,16.2
1903,4130130300,20,18.7
1904,4130130300,21,20.1
1905,4130130300,22,21.8
1906,4130130300,23,21.3
1907,4130131300,0,35.0
1908,4130131300,1,35.0
1909,4130131300,2,35.6
1910,4130131300,3,35.0
1911,4130131300,4,35.0
1912,4130131300,5,35.0
1913,4130131300,6,29.9
1914,4130131300,7,30.0
1915,4130131300,8,26.0
1916,4130131300,9,27.6
1917,4130131300,10,25.9
1918,4130131300,11,29.3
1919,4130131300,12,31.1
1920,4130131300,13,24.22222222222222
1921,4130131300,14,27.3
1922,4130131300,15,24.0
1923,4130131300,16,30.3
1924,4130131300,17,29.0
1925,4130131300,18,26.6
1926,4130131300,19,23.4
1927,4130131300,20,28.4
1928,4130131300,21,29.2
1929,4130131300,22,28.7
1930,4130131300,23,29.2
1931,4130132700,0,44.8
1932,4130132700,1,47.1
1933,4130132700,2,43.8
1934,4130132700,3,42.8
1935,4130132700,4,41.9
1936,4130132700,5,40.5
1937,4130132700,6,43.8
1938,4130132700,7,44.2
1939,4130132700,8,45.1
1940,4130132700,9,45.0
1941,4130132700,10,43.9
1942,4130132700,11,43.3
1943,4130132700,12,45.8
1944,4130132700,13,44.888888888888886
1945,4130132700,14,45.6
1946,4130132700,15,44.1
1947,4130132700,16,45.0
1948,4130132700,17,44.4
1949,4130132700,18,45.6
1950,4130132700,19,44.7
1951,4130132700,20,45.1
1952,4130132700,21,45.0
1953,4130132700,22,42.1
1954,4130132700,23,47.4
1955,4130133900,0,45.9
1956,4130133900,1,47.2
1957,4130133900,2,48.9
1958,4130133900,3,50.5
1959,4130133900,4,55.7
1960,4130133900,5,52.4
1961,4130133900,6,52.8
1962,4130133900,7,47.4
1963,4130133900,8,50.5
1964,4130133900,9,44.6
1965,4130133900,10,42.1
1966,4130133900,11,44.5
1967,4130133900,12,46.5
1968,4130133900,13,44.55555555555556
1969,4130133900,14,40.3
1970,4130133900,15,42.2
1971,4130133900,16,46.4
1972,4130133900,17,46.2
1973,4130133900,18,40.1
1974,4130133900,19,44.6
1975,4130133900,20,45.3
1976,4130133900,21,47.8
1977,4130133900,22,49.4
1978,4130133900,23,47.1
1979,4130134000,0,45.8
1980,4130134000,1,47.7
1981,4130134000,2,45.2
1982,4130134000,3,41.8
1983,4130134000,4,44.9
1984,4130134000,5,48.6
1985,4130134000,6,45.1
1986,4130134000,7,45.7
1987,4130134000,8,43.0
1988,4130134000,9,37.1
1989,4130134000,10,42.3
1990,4130134000,11,42.2
1991,4130134000,12,35.4
1992,4130134000,13,37.888888888888886
1993,4130134000,14,36.1
1994,4130134000,15,40.4
1995,4130134000,16,38.8
1996,4130134000,17,36.4
1997,4130134000,18,35.7
1998,4130134000,19,36.0
1999,4130134000,20,45.8
2000,4130134000,21,43.5
2001,4130134000,22,43.7
2002,4130134000,23,43.6
2003,4130134500,0,27.0
2004,4130134500,5,4.0
2005,4130134500,7,33.0
2006,4130134500,8,16.4
2007,4130134500,9,12.666666666666666
2008,4130134500,10,26.0
2009,4130134500,11,9.0
2010,4130134500,12,18.0
2011,4130134500,13,25.75
2012,4130134500,14,14.333333333333334
2013,4130134500,15,19.0
2014,4130134500,16,16.571428571428573
2015,4130134500,17,20.0
2016,4130134500,18,13.2
2017,4130134500,19,26.0
2018,4130134500,20,18.666666666666668
2019,4130134500,21,22.666666666666668
2020,4130134500,22,4.0
2021,4130135700,0,64.2
2022,4130135700,1,67.0
2023,4130135700,2,62.2
2024,4130135700,3,65.5
2025,4130135700,4,63.2
2026,4130135700,5,63.1
2027,4130135700,6,55.0
2028,4130135700,7,49.5
2029,4130135700,8,48.8
2030,4130135700,9,46.5
2031,4130135700,10,43.2
2032,4130135700,11,41.3
2033,4130135700,12,39.4
2034,4130135700,13,42.44444444444444
2035,4130135700,14,39.9
2036,4130135700,15,43.0
2037,4130135700,16,43.3
2038,4130135700,17,39.2
2039,4130135700,18,40.0
2040,4130135700,19,39.6
2041,4130135700,20,40.9
2042,4130135700,21,46.7
2043,4130135700,22,45.7
2044,4130135700,23,49.3
2045,4130136100,0,57.0
2046,4130136100,1,57.0
2047,4130136100,2,57.0
2048,4130136100,3,57.2
2049,4130136100,4,57.3
2050,4130136100,5,57.2
2051,4130136100,6,52.9
2052,4130136100,7,50.2
2053,4130136100,8,47.6
2054,4130136100,9,49.3
2055,4130136100,10,50.3
2056,4130136100,11,49.6
2057,4130136100,12,47.3
2058,4130136100,13,47.0
2059,4130136100,14,47.1
2060,4130136100,15,47.1
2061,4130136100,16,50.4
2062,4130136100,17,49.8
2063,4130136100,18,47.9
2064,4130136100,19,48.9
2065,4130136100,20,45.5
2066,4130136100,21,47.6
2067,4130136100,22,48.1
2068,4130136100,23,48.9
2069,4130137300,0,57.0
2070,4130137300,1,57.0
2071,4130137300,2,51.5
2072,4130137300,3,49.2
2073,4130137300,4,49.1
2074,4130137300,5,47.7
2075,4130137300,6,28.9
2076,4130137300,7,21.1
2077,4130137300,8,24.6
2078,4130137300,9,25.9
2079,4130137300,10,25.3
2080,4130137300,11,23.2
2081,4130137300,12,28.7
2082,4130137300,13,29.666666666666668
2083,4130137300,14,26.0
2084,4130137300,15,26.6
2085,4130137300,16,31.0
2086,4130137300,17,31.3
2087,4130137300,18,36.6
2088,4130137300,19,36.9
2089,4130137300,20,41.1
2090,4130137300,21,37.6
2091,4130137300,22,40.5
2092,4130137300,23,40.3
2093,4130137500,0,35.2
2094,4130137500,1,41.5
2095,4130137500,2,41.6
2096,4130137500,3,43.8
2097,4130137500,4,44.0
2098,4130137500,5,43.0
2099,4130137500,6,37.3
2100,4130137500,7,32.4
2101,4130137500,8,32.1
2102,4130137500,9,34.2
2103,4130137500,10,30.3
2104,4130137500,11,33.6
2105,4130137500,12,31.9
2106,4130137500,13,30.555555555555557
2107,4130137500,14,29.2
2108,4130137500,15,31.4
2109,4130137500,16,28.5
2110,4130137500,17,29.7
2111,4130137500,18,30.6
2112,4130137500,19,33.6
2113,4130137500,20,29.8
2114,4130137500,21,33.0
2115,4130137500,22,27.4
2116,4130137500,23,33.3
2117,4130137900,0,47.0
2118,4130137900,1,47.0
2119,4130137900,2,47.0
2120,4130137900,3,45.8
2121,4130137900,4,45.0
2122,4130137900,5,45.4
2123,4130137900,6,42.0
2124,4130137900,7,41.2
2125,4130137900,8,37.8
2126,4130137900,9,41.6
2127,4130137900,10,35.6
2128,4130137900,11,36.9
2129,4130137900,12,37.4
2130,4130137900,13,37.666666666666664
2131,4130137900,14,34.9
2132,4130137900,15,35.2
2133,4130137900,16,38.6
2134,4130137900,17,40.2
2135,4130137900,18,39.9
2136,4130137900,19,35.7
2137,4130137900,20,34.1
2138,4130137900,21,33.4
2139,4130137900,22,39.0
2140,4130137900,23,41.6
2141,4130139000,0,72.2
2142,4130139000,1,71.5
2143,4130139000,2,73.8
2144,4130139000,3,72.5
2145,4130139000,4,72.6
2146,4130139000,5,72.8
2147,4130139000,6,74.0
2148,4130139000,7,72.9
2149,4130139000,8,73.8
2150,4130139000,9,67.6
2151,4130139000,10,71.1
2152,4130139000,11,70.8
2153,4130139000,12,70.2
2154,4130139000,13,70.0
2155,4130139000,14,69.8
2156,4130139000,15,69.9
2157,4130139000,16,69.9
2158,4130139000,17,69.2
2159,4130139000,18,69.9
2160,4130139000,19,71.5
2161,4130139000,20,72.1
2162,4130139000,21,71.8
2163,4130139000,22,72.4
2164,4130139000,23,70.7
2165,4130139800,0,35.0
2166,4130139800,1,35.0
2167,4130139800,2,35.0
2168,4130139800,3,35.0
2169,4130139800,4,35.0
2170,4130139800,5,35.0
2171,4130139800,6,30.2
2172,4130139800,7,28.2
2173,4130139800,8,28.6
2174,4130139800,9,27.0
2175,4130139800,10,28.6
2176,4130139800,11,28.4
2177,4130139800,12,29.0
2178,4130139800,13,26.88888888888889
2179,4130139800,14,25.8
2180,4130139800,15,25.6
2181,4130139800,16,25.8
2182,4130139800,17,28.5
2183,4130139800,18,27.8
2184,4130139800,19,24.8
2185,4130139800,20,26.5
2186,4130139800,21,26.4
2187,4130139800,22,26.3
2188,4130139800,23,27.5
2189,4130140100,12,9.0
2190,4130140100,16,16.0
2191,4130140300,10,41.5
2192,4130140300,11,26.0
2193,4130140300,12,34.5
2194,4130140300,13,36.0
2195,4130140300,15,27.0
2196,4130140300,16,27.5
2197,4130140300,17,34.0
2198,4130140700,12,8.0
2199,4130140700,17,10.0
2200,4130140900,13,9.0
2201,4130140900,16,30.0
2202,4130140900,19,13.0
2203,4130140900,23,27.0
2204,4130141200,0,46.4
2205,4130141200,1,45.5
2206,4130141200,2,44.3
2207,4130141200,3,43.0
2208,4130141200,4,47.5
2209,4130141200,5,43.0
2210,4130141200,6,46.8
2211,4130141200,7,48.2
2212,4130141200,8,48.2
2213,4130141200,9,51.4
2214,4130141200,10,51.5
2215,4130141200,11,51.5
2216,4130141200,12,50.4
2217,4130141200,13,50.55555555555556
2218,4130141200,14,50.0
2219,4130141200,15,51.3
2220,4130141200,16,51.7
2221,4130141200,17,50.3
2222,4130141200,18,51.4
2223,4130141200,19,51.3
2224,4130141200,20,46.3
2225,4130141200,21,45.2
2226,4130141200,22,49.4
2227,4130141200,23,50.1
2228,4130142400,0,38.0
2229,4130142400,1,38.0
2230,4130142400,2,39.8
2231,4130142400,3,38.9
2232,4130142400,4,39.6
2233,4130142400,5,39.2
2234,4130142400,6,40.2
2235,4130142400,7,39.9
2236,4130142400,8,41.4
2237,4130142400,9,42.5
2238,4130142400,10,35.4
2239,4130142400,11,39.3
2240,4130142400,12,39.1
2241,4130142400,13,29.88888888888889
2242,4130142400,14,39.5
2243,4130142400,15,39.5
2244,4130142400,16,35.4
2245,4130142400,17,34.2
2246,4130142400,18,39.2
2247,4130142400,19,31.0
2248,4130142400,20,36.1
2249,4130142400,21,41.0
2250,4130142400,22,36.4
2251,4130142400,23,43.4
2252,4130143000,0,26.5
2253,4130143000,1,35.7
2254,4130143000,2,36.9
2255,4130143000,3,37.6
2256,4130143000,4,35.1
2257,4130143000,5,39.5
2258,4130143000,6,35.9
2259,4130143000,7,20.3
2260,4130143000,8,23.0
2261,4130143000,9,24.0
2262,4130143000,10,21.8
2263,4130143000,11,18.6
2264,4130143000,12,20.6
2265,4130143000,13,20.22222222222222
2266,4130143000,14,24.1
2267,4130143000,15,27.8
2268,4130143000,16,29.3
2269,4130143000,17,24.5
2270,4130143000,18,16.2
2271,4130143000,19,27.9
2272,4130143000,20,17.9
2273,4130143000,21,21.3
2274,4130143000,22,21.3
2275,4130143000,23,28.0
2276,4130143100,0,42.9
2277,4130143100,1,39.3
2278,4130143100,2,42.3
2279,4130143100,3,46.5
2280,4130143100,4,39.3
2281,4130143100,5,44.0
2282,4130143100,6,47.1
2283,4130143100,7,41.2
2284,4130143100,8,42.3
2285,4130143100,9,40.5
2286,4130143100,10,41.4
2287,4130143100,11,39.6
2288,4130143100,12,34.7
2289,4130143100,13,38.77777777777778
2290,4130143100,14,36.9
2291,4130143100,15,38.1
2292,4130143100,16,43.0
2293,4130143100,17,37.3
2294,4130143100,18,37.8
2295,4130143100,19,38.4
2296,4130143100,20,39.7
2297,4130143100,21,40.6
2298,4130143100,22,42.6
2299,4130143100,23,36.7
2300,4130143200,0,46.5
2301,4130143200,1,44.5
2302,4130143200,2,47.7
2303,4130143200,3,45.5
2304,4130143200,4,47.7
2305,4130143200,5,46.0
2306,4130143200,6,51.0
2307,4130143200,7,31.2
2308,4130143200,8,38.0
2309,4130143200,9,34.4
2310,4130143200,10,41.6
2311,4130143200,11,39.1
2312,4130143200,12,40.3
2313,4130143200,13,37.333333333333336
2314,4130143200,14,36.5
2315,4130143200,15,39.8
2316,4130143200,16,32.8
2317,4130143200,17,37.3
2318,4130143200,18,40.9
2319,4130143200,19,37.7
2320,4130143200,20,37.0
2321,4130143200,21,40.7
2322,4130143200,22,41.3
2323,4130143200,23,40.0
2324,4130143800,17,15.0
2325,4130144100,0,71.66666666666667
2326,4130144100,1,68.6
2327,4130144100,2,61.25
2328,4130144100,3,48.0
2329,4130144100,4,74.0
2330,4130144100,5,76.11111111111111
2331,4130144100,6,80.88888888888889
2332,4130144100,7,72.4
2333,4130144100,8,76.4
2334,4130144100,9,79.1
2335,4130144100,10,72.0
2336,4130144100,11,64.3
2337,4130144100,12,69.6
2338,4130144100,13,65.88888888888889
2339,4130144100,14,68.8
2340,4130144100,15,61.3
2341,4130144100,16,64.2
2342,4130144100,17,59.0
2343,4130144100,18,64.9
2344,4130144100,19,65.3
2345,4130144100,20,63.7
2346,4130144100,21,69.2
2347,4130144100,22,67.5
2348,4130144100,23,66.88888888888889
2349,4130144300,0,35.0
2350,4130144300,1,33.5
2351,4130144300,2,35.0
2352,4130144300,3,35.0
2353,4130144300,4,35.0
2354,4130144300,5,35.0
2355,4130144300,6,28.3
2356,4130144300,7,24.0
2357,4130144300,8,25.4
2358,4130144300,9,27.0
2359,4130144300,10,25.9
2360,4130144300,11,23.8
2361,4130144300,12,24.5
2362,4130144300,13,26.0
2363,4130144300,14,21.9
2364,4130144300,15,24.2
2365,4130144300,16,22.3
2366,4130144300,17,25.2
2367,4130144300,18,24.0
2368,4130144300,19,22.5
2369,4130144300,20,24.4
2370,4130144300,21,23.3
2371,4130144300,22,24.5
2372,4130144300,23,24.9
2373,4130145100,0,54.0
2374,4130145100,1,54.0
2375,4130145100,2,54.0
2376,4130145100,3,54.2
2377,4130145100,4,54.3
2378,4130145100,5,54.2
2379,4130145100,6,51.0
2380,4130145100,7,51.7
2381,4130145100,8,53.8
2382,4130145100,9,52.7
2383,4130145100,10,54.0
2384,4130145100,11,53.5
2385,4130145100,12,53.3
2386,4130145100,13,52.666666666666664
2387,4130145100,14,52.1
2388,4130145100,15,53.7
2389,4130145100,16,55.1
2390,4130145100,17,55.1
2391,4130145100,18,53.4
2392,4130145100,19,51.7
2393,4130145100,20,51.6
2394,4130145100,21,52.3
2395,4130145100,22,52.3
2396,4130145100,23,52.7
2397,4130145400,0,34.2
2398,4130145400,1,34.5
2399,4130145400,2,36.0
2400,4130145400,3,36.0
2401,4130145400,4,36.0
2402,4130145400,5,36.0
2403,4130145400,6,27.1
2404,4130145400,7,22.9
2405,4130145400,8,22.7
2406,4130145400,9,22.6
2407,4130145400,10,23.7
2408,4130145400,11,25.5
2409,4130145400,12,23.2
2410,4130145400,13,23.22222222222222
2411,4130145400,14,23.6
2412,4130145400,15,23.7
2413,4130145400,16,24.5
2414,4130145400,17,25.4
2415,4130145400,18,24.4
2416,4130145400,19,27.0
2417,4130145400,20,27.1
2418,4130145400,21,26.7
2419,4130145400,22,27.8
2420,4130145400,23,29.2
2421,4130145500,8,20.5
2422,4130145500,10,19.75
2423,4130145500,11,13.0
2424,4130145500,12,15.8
2425,4130145500,13,22.666666666666668
2426,4130145500,14,4.0
2427,4130145500,15,16.0
2428,4130145500,16,21.666666666666668
2429,4130145500,17,12.666666666666666
2430,4130145500,18,23.666666666666668
2431,4130145500,19,16.333333333333332
2432,4130145500,20,14.666666666666666
2433,4130145500,21,26.0
2434,4130146300,0,35.0
2435,4130146300,1,35.0
2436,4130146300,2,35.0
2437,4130146300,3,35.0
2438,4130146300,4,35.0
2439,4130146300,5,35.0
2440,4130146300,6,27.1
2441,4130146300,7,23.2
2442,4130146300,8,24.9
2443,4130146300,9,21.0
2444,4130146300,10,24.5
2445,4130146300,11,24.6
2446,4130146300,12,24.6
2447,4130146300,13,26.333333333333332
2448,4130146300,14,30.4
2449,4130146300,15,31.4
2450,4130146300,16,29.9
2451,4130146300,17,30.6
2452,4130146300,18,31.2
2453,4130146300,19,29.9
2454,4130146300,20,31.7
2455,4130146300,21,32.0
2456,4130146300,22,31.0
2457,4130146300,23,29.5
2458,4130146500,0,38.5
2459,4130146500,1,36.0
2460,4130146500,2,40.2
2461,4130146500,3,39.1
2462,4130146500,4,39.3
2463,4130146500,5,39.0
2464,4130146500,6,27.3
2465,4130146500,7,21.2
2466,4130146500,8,20.7
2467,4130146500,9,20.6
2468,4130146500,10,20.4
2469,4130146500,11,20.1
2470,4130146500,12,20.3
2471,4130146500,13,18.333333333333332
2472,4130146500,14,18.3
2473,4130146500,15,17.6
2474,4130146500,16,14.8
2475,4130146500,17,15.6
2476,4130146500,18,16.2
2477,4130146500,19,17.5
2478,4130146500,20,21.7
2479,4130146500,21,19.7
2480,4130146500,22,21.3
2481,4130146500,23,26.8
2482,4130146900,0,36.0
2483,4130146900,1,36.0
2484,4130146900,2,33.5
2485,4130146900,3,34.8
2486,4130146900,4,36.0
2487,4130146900,5,35.2
2488,4130146900,6,27.4
2489,4130146900,7,21.4
2490,4130146900,8,18.9
2491,4130146900,9,24.7
2492,4130146900,10,20.5
2493,4130146900,11,18.5
2494,4130146900,12,19.4
2495,4130146900,13,18.11111111111111
2496,4130146900,14,20.3
2497,4130146900,15,20.7
2498,4130146900,16,21.2
2499,4130146900,17,19.8
2500,4130146900,18,20.3
2501,4130146900,19,20.1
2502,4130146900,20,18.7
2503,4130146900,21,17.8
2504,4130146900,22,23.6
2505,4130146900,23,27.0
2506,4130147000,0,34.0
2507,4130147000,1,33.8
2508,4130147000,2,34.3
2509,4130147000,3,36.0
2510,4130147000,4,35.1
2511,4130147000,5,36.1
2512,4130147000,6,28.0
2513,4130147000,7,22.4
2514,4130147000,8,22.7
2515,4130147000,9,21.3
2516,4130147000,10,23.7
2517,4130147000,11,22.4
2518,4130147000,12,26.6
2519,4130147000,13,23.333333333333332
2520,4130147000,14,22.2
2521,4130147000,15,23.3
2522,4130147000,16,23.1
2523,4130147000,17,23.5
2524,4130147000,18,22.4
2525,4130147000,19,24.4
2526,4130147000,20,24.8
2527,4130147000,21,25.0
2528,4130147000,22,23.6
2529,4130147000,23,28.5
2530,4130147100,0,43.6
2531,4130147100,1,44.7
2532,4130147100,2,42.9
2533,4130147100,3,43.0
2534,4130147100,4,41.9
2535,4130147100,5,37.4
2536,4130147100,6,40.7
2537,4130147100,7,40.6
2538,4130147100,8,41.0
2539,4130147100,9,40.2
2540,4130147100,10,39.8
2541,4130147100,11,39.6
2542,4130147100,12,42.3
2543,4130147100,13,40.22222222222222
2544,4130147100,14,42.0
2545,4130147100,15,39.8
2546,4130147100,16,40.8
2547,4130147100,17,39.2
2548,4130147100,18,40.5
2549,4130147100,19,41.8
2550,4130147100,20,39.4
2551,4130147100,21,41.7
2552,4130147100,22,39.2
2553,4130147100,23,42.9
2554,4130147300,0,35.5
2555,4130147300,1,34.111111111111114
2556,4130147300,2,35.5
2557,4130147300,3,35.5
2558,4130147300,4,35.5
2559,4130147300,5,35.5
2560,4130147300,6,34.0
2561,4130147300,7,32.22222222222222
2562,4130147300,8,31.22222222222222
2563,4130147300,9,25.88888888888889
2564,4130147300,10,31.3
2565,4130147300,11,31.25
2566,4130147300,12,28.77777777777778
2567,4130147300,13,28.333333333333332
2568,4130147300,14,26.88888888888889
2569,4130147300,15,27.3
2570,4130147300,16,30.5
2571,4130147300,17,33.9
2572,4130147300,18,29.3
2573,4130147300,19,29.8
2574,4130147300,20,27.8
2575,4130147300,21,28.8
2576,4130147300,22,26.0
2577,4130147300,23,36.375
2578,4130148200,0,36.0
2579,4130148200,1,36.0
2580,4130148200,2,36.0
2581,4130148200,3,36.0
2582,4130148200,4,36.0
2583,4130148200,5,36.0
2584,4130148200,6,30.0
2585,4130148200,7,26.3
2586,4130148200,8,26.2
2587,4130148200,9,26.1
2588,4130148200,10,26.2
2589,4130148200,11,26.4
2590,4130148200,12,26.8
2591,4130148200,13,24.666666666666668
2592,4130148200,14,25.6
2593,4130148200,15,24.2
2594,4130148200,16,23.2
2595,4130148200,17,22.9
2596,4130148200,18,23.2
2597,4130148200,19,24.6
2598,4130148200,20,27.5
2599,4130148200,21,27.9
2600,4130148200,22,28.5
2601,4130148200,23,28.6
2602,4130148300,0,35.0
2603,4130148300,1,35.0
2604,4130148300,2,29.2
2605,4130148300,3,36.9
2606,4130148300,4,35.0
2607,4130148300,5,35.0
2608,4130148300,6,25.2
2609,4130148300,7,19.3
2610,4130148300,8,20.5
2611,4130148300,9,18.4
2612,4130148300,10,23.4
2613,4130148300,11,19.8
2614,4130148300,12,21.1
2615,4130148300,13,28.88888888888889
2616,4130148300,14,23.8
2617,4130148300,15,25.5
2618,4130148300,16,22.2
2619,4130148300,17,26.4
2620,4130148300,18,24.4
2621,4130148300,19,19.0
2622,4130148300,20,24.9
2623,4130148300,21,28.0
2624,4130148300,22,28.6
2625,4130148300,23,32.5
2626,4130148400,0,19.5
2627,4130148400,1,17.0
2628,4130148400,4,35.5
2629,4130148400,5,11.0
2630,4130148400,6,38.333333333333336
2631,4130148400,7,28.75
2632,4130148400,8,25.8
2633,4130148400,9,24.5
2634,4130148400,10,29.25
2635,4130148400,11,31.75
2636,4130148400,12,29.11111111111111
2637,4130148400,13,23.714285714285715
2638,4130148400,14,24.1
2639,4130148400,15,24.5
2640,4130148400,16,31.375
2641,4130148400,17,24.0
2642,4130148400,18,27.77777777777778
2643,4130148400,19,26.571428571428573
2644,4130148400,20,27.0
2645,4130148400,21,21.333333333333332
2646,4130148400,22,27.8
2647,4130148400,23,23.0
2648,4130148500,2,34.0
2649,4130148500,7,39.0
2650,4130148500,8,47.0
2651,4130148500,10,4.0
2652,4130148500,11,46.0
2653,4130148500,13,34.333333333333336
2654,4130148500,14,39.0
2655,4130148500,15,6.5
2656,4130148500,16,5.5
2657,4130148500,17,38.5
2658,4130148500,19,14.0
2659,4130149000,0,42.8
2660,4130149000,1,42.3
2661,4130149000,2,42.6
2662,4130149000,3,43.3
2663,4130149000,4,39.5
2664,4130149000,5,44.0
2665,4130149000,6,43.2
2666,4130149000,7,39.1
2667,4130149000,8,40.9
2668,4130149000,9,38.6
2669,4130149000,10,37.7
2670,4130149000,11,37.6
2671,4130149000,12,37.0
2672,4130149000,13,39.111111111111114
2673,4130149000,14,37.7
2674,4130149000,15,37.6
2675,4130149000,16,38.4
2676,4130149000,17,38.0
2677,4130149000,18,40.1
2678,4130149000,19,39.5
2679,4130149000,20,38.0
2680,4130149000,21,38.9
2681,4130149000,22,39.3
2682,4130149000,23,40.8
2683,4130149100,0,47.5
2684,4130149100,1,50.8
2685,4130149100,2,48.4
2686,4130149100,3,44.8
2687,4130149100,4,46.4
2688,4130149100,5,46.7
2689,4130149100,6,40.6
2690,4130149100,7,39.6
2691,4130149100,8,37.6
2692,4130149100,9,39.6
2693,4130149100,10,33.3
2694,4130149100,11,35.3
2695,4130149100,12,30.2
2696,4130149100,13,31.666666666666668
2697,4130149100,14,31.9
2698,4130149100,15,32.1
2699,4130149100,16,27.4
2700,4130149100,17,34.9
2701,4130149100,18,30.2
2702,4130149100,19,38.7
2703,4130149100,20,30.7
2704,4130149100,21,30.1
2705,4130149100,22,32.9
2706,4130149100,23,35.6
2707,4130149500,0,55.5
2708,4130149500,1,55.8
2709,4130149500,2,55.3
2710,4130149500,3,57.2
2711,4130149500,4,56.0
2712,4130149500,5,56.1
2713,4130149500,6,52.1
2714,4130149500,7,54.8
2715,4130149500,8,47.7
2716,4130149500,9,55.0
2717,4130149500,10,51.7
2718,4130149500,11,43.0
2719,4130149500,12,48.7
2720,4130149500,13,50.333333333333336
2721,4130149500,14,50.0
2722,4130149500,15,49.0
2723,4130149500,16,50.7
2724,4130149500,17,47.7
2725,4130149500,18,53.9
2726,4130149500,19,50.9
2727,4130149500,20,47.0
2728,4130149500,21,45.3
2729,4130149500,22,49.5
2730,4130149500,23,49.7
2731,4130149600,0,62.0
2732,4130149600,1,45.125
2733,4130149600,2,35.0
2734,4130149600,3,43.5
2735,4130149600,4,53.0
2736,4130149600,5,38.666666666666664
2737,4130149600,6,39.888888888888886
2738,4130149600,7,41.9
2739,4130149600,8,36.1
2740,4130149600,9,40.333333333333336
2741,4130149600,10,39.4
2742,4130149600,11,39.7
2743,4130149600,12,40.7
2744,4130149600,13,38.111111111111114
2745,4130149600,14,40.4
2746,4130149600,15,33.2
2747,4130149600,16,33.2
2748,4130149600,17,31.1
2749,4130149600,18,37.6
2750,4130149600,19,42.7
2751,4130149600,20,38.5
2752,4130149600,21,41.5
2753,4130149600,22,52.3
2754,4130149600,23,44.1
2755,4130149700,0,57.0
2756,4130149700,1,57.0
2757,4130149700,2,57.0
2758,4130149700,3,55.6
2759,4130149700,4,54.6
2760,4130149700,5,55.2
2761,4130149700,6,51.3
2762,4130149700,7,51.1
2763,4130149700,8,48.5
2764,4130149700,9,43.9
2765,4130149700,10,49.3
2766,4130149700,11,48.9
2767,4130149700,12,49.5
2768,4130149700,13,46.55555555555556
2769,4130149700,14,44.8
2770,4130149700,15,47.0
2771,4130149700,16,48.9
2772,4130149700,17,50.5
2773,4130149700,18,44.8
2774,4130149700,19,44.9
2775,4130149700,20,44.8
2776,4130149700,21,47.9
2777,4130149700,22,45.5
2778,4130149700,23,46.2
2779,4130150000,0,35.9
2780,4130150000,1,34.3
2781,4130150000,2,35.6
2782,4130150000,3,36.2
2783,4130150000,4,36.3
2784,4130150000,5,35.3
2785,4130150000,6,28.7
2786,4130150000,7,28.6
2787,4130150000,8,25.2
2788,4130150000,9,25.3
2789,4130150000,10,26.3
2790,4130150000,11,25.3
2791,4130150000,12,26.3
2792,4130150000,13,21.333333333333332
2793,4130150000,14,22.5
2794,4130150000,15,25.0
2795,4130150000,16,18.5
2796,4130150000,17,23.3
2797,4130150000,18,21.9
2798,4130150000,19,26.5
2799,4130150000,20,20.7
2800,4130150000,21,24.9
2801,4130150000,22,27.5
2802,4130150000,23,26.2
2803,4130150100,8,40.75
2804,4130150100,9,41.0
2805,4130150100,10,38.25
2806,4130150100,11,33.333333333333336
2807,4130150100,12,33.0
2808,4130150100,13,33.8
2809,4130150100,14,38.0
2810,4130150100,15,31.0
2811,4130150100,16,39.333333333333336
2812,4130150100,17,22.0
2813,4130150100,18,47.0
2814,4130150100,19,34.0
2815,4130150100,22,47.0
2816,4130150100,23,23.0
2817,4130150400,0,31.666666666666668
2818,4130150400,1,29.5
2819,4130150400,2,26.333333333333332
2820,4130150400,3,36.0
2821,4130150400,4,36.0
2822,4130150400,5,36.0
2823,4130150400,6,30.0
2824,4130150400,7,26.285714285714285
2825,4130150400,8,26.2
2826,4130150400,9,24.5
2827,4130150400,10,20.25
2828,4130150400,11,20.25
2829,4130150400,12,20.166666666666668
2830,4130150400,13,23.2
2831,4130150400,14,23.8
2832,4130150400,15,24.571428571428573
2833,4130150400,16,21.5
2834,4130150400,17,19.6
2835,4130150400,18,25.25
2836,4130150400,19,23.5
2837,4130150400,20,24.0
2838,4130150400,21,23.0
2839,4130150400,22,16.5
2840,4130150400,23,26.0
2841,4130150800,0,42.5
2842,4130150800,1,43.0
2843,4130150800,2,40.6
2844,4130150800,3,42.0
2845,4130150800,4,44.4
2846,4130150800,5,44.6
2847,4130150800,6,37.7
2848,4130150800,7,45.7
2849,4130150800,8,42.8
2850,4130150800,9,41.9
2851,4130150800,10,42.3
2852,4130150800,11,41.2
2853,4130150800,12,39.5
2854,4130150800,13,40.333333333333336
2855,4130150800,14,40.7
2856,4130150800,15,43.1
2857,4130150800,16,40.6
2858,4130150800,17,36.5
2859,4130150800,18,41.0
2860,4130150800,19,41.0
2861,4130150800,20,37.4
2862,4130150800,21,36.1
2863,4130150800,22,37.6
2864,4130150800,23,39.2
2865,4130151500,0,35.0
2866,4130151500,1,35.0
2867,4130151500,2,35.0
2868,4130151500,3,35.0
2869,4130151500,4,35.0
2870,4130151500,5,35.0
2871,4130151500,6,26.7
2872,4130151500,7,23.9
2873,4130151500,8,22.0
2874,4130151500,9,21.6
2875,4130151500,10,16.3
2876,4130151500,11,20.4
2877,4130151500,12,16.2
2878,4130151500,13,16.77777777777778
2879,4130151500,14,18.6
2880,4130151500,15,18.9
2881,4130151500,16,22.1
2882,4130151500,17,17.7
2883,4130151500,18,18.4
2884,4130151500,19,15.4
2885,4130151500,20,15.5
2886,4130151500,21,17.9
2887,4130151500,22,21.6
2888,4130151500,23,23.8
2889,4130151800,0,35.0
2890,4130151800,1,35.0
2891,4130151800,2,35.0
2892,4130151800,3,35.0
2893,4130151800,4,35.0
2894,4130151800,5,35.0
2895,4130151800,6,31.5
2896,4130151800,7,29.6
2897,4130151800,8,25.0
2898,4130151800,9,23.2
2899,4130151800,10,24.7
2900,4130151800,11,23.6
2901,4130151800,12,23.3
2902,4130151800,13,24.555555555555557
2903,4130151800,14,22.7
2904,4130151800,15,22.9
2905,4130151800,16,21.5
2906,4130151800,17,21.7
2907,4130151800,18,22.8
2908,4130151800,19,21.8
2909,4130151800,20,23.2
2910,4130151800,21,22.3
2911,4130151800,22,23.9
2912,4130151800,23,24.9
2913,4130152000,0,40.0
2914,4130152000,1,40.0
2915,4130152000,2,40.0
2916,4130152000,3,39.8
2917,4130152000,4,39.7
2918,4130152000,5,39.8
2919,4130152000,6,38.3
2920,4130152000,7,38.0
2921,4130152000,8,35.9
2922,4130152000,9,33.8
2923,4130152000,10,36.3
2924,4130152000,11,35.0
2925,4130152000,12,35.4
2926,4130152000,13,35.111111111111114
2927,4130152000,14,34.6
2928,4130152000,15,34.5
2929,4130152000,16,36.1
2930,4130152000,17,32.7
2931,4130152000,18,33.2
2932,4130152000,19,34.8
2933,4130152000,20,35.1
2934,4130152000,21,36.9
2935,4130152000,22,36.9
2936,4130152000,23,37.0
2937,4130154400,0,46.0
2938,4130154400,1,46.8
2939,4130154400,2,46.8
2940,4130154400,3,48.0
2941,4130154400,4,49.1
2942,4130154400,5,47.8
2943,4130154400,6,46.2
2944,4130154400,7,46.1
2945,4130154400,8,41.9
2946,4130154400,9,40.9
2947,4130154400,10,38.8
2948,4130154400,11,45.0
2949,4130154400,12,40.1
2950,4130154400,13,41.22222222222222
2951,4130154400,14,43.5
2952,4130154400,15,44.3
2953,4130154400,16,45.9
2954,4130154400,17,45.4
2955,4130154400,18,43.2
2956,4130154400,19,41.1
2957,4130154400,20,41.1
2958,4130154400,21,42.4
2959,4130154400,22,43.7
2960,4130154400,23,43.8
2961,4130155300,0,31.6
2962,4130155300,1,41.3
2963,4130155300,2,44.9
2964,4130155300,3,42.0
2965,4130155300,4,42.8
2966,4130155300,5,44.1
2967,4130155300,6,45.5
2968,4130155300,7,44.6
2969,4130155300,8,38.3
2970,4130155300,9,36.4
2971,4130155300,10,31.5
2972,4130155300,11,34.3
2973,4130155300,12,26.7
2974,4130155300,13,30.22222222222222
2975,4130155300,14,27.4
2976,4130155300,15,30.2
2977,4130155300,16,31.0
2978,4130155300,17,30.2
2979,4130155300,18,27.2
2980,4130155300,19,31.2
2981,4130155300,20,30.5
2982,4130155300,21,36.8
2983,4130155300,22,34.6
2984,4130155300,23,34.9
2985,4130156300,0,36.0
2986,4130156300,1,36.0
2987,4130156300,2,36.0
2988,4130156300,3,36.0
2989,4130156300,4,36.0
2990,4130156300,5,36.0
2991,4130156300,6,28.3
2992,4130156300,7,25.3
2993,4130156300,8,26.1
2994,4130156300,9,26.6
2995,4130156300,10,27.4
2996,4130156300,11,25.0
2997,4130156300,12,18.6
2998,4130156300,13,14.777777777777779
2999,4130156300,14,20.8
3000,4130156300,15,20.5
3001,4130156300,16,21.9
3002,4130156300,17,18.9
3003,4130156300,18,19.5
3004,4130156300,19,18.7
3005,4130156300,20,17.5
3006,4130156300,21,19.3
3007,4130156300,22,21.0
3008,4130156300,23,25.3
3009,4130157000,0,38.9
3010,4130157000,1,40.0
3011,4130157000,2,39.2
3012,4130157000,3,39.4
3013,4130157000,4,39.4
3014,4130157000,5,38.4
3015,4130157000,6,33.0
3016,4130157000,7,31.2
3017,4130157000,8,28.9
3018,4130157000,9,31.0
3019,4130157000,10,33.0
3020,4130157000,11,36.4
3021,4130157000,12,34.3
3022,4130157000,13,34.77777777777778
3023,4130157000,14,29.1
3024,4130157000,15,32.5
3025,4130157000,16,29.7
3026,4130157000,17,29.8
3027,4130157000,18,33.8
3028,4130157000,19,32.7
3029,4130157000,20,31.6
3030,4130157000,21,32.2
3031,4130157000,22,32.9
3032,4130157000,23,31.8
